Actual,Predicted,Model ID
45558.0,45998.0,1
22000.0,22734.0,2
38800.0,42932.5,2
56500.0,55965.65,2
47000.0,44846.36,2
26500.0,26468.0,2
44000.0,47217.27,2
20800.0,21692.0,2
19800.0,21974.0,2
56800.0,56066.0,2
33800.0,32925.29,2
49800.0,51119.14,2
171800.0,160947.76,3
126800.0,128977.36,3
149800.0,146164.81,3
152222.0,155741.6,3
96888.0,95201.0,3
141888.0,146040.03,3
143000.0,143038.05,3
137800.0,131644.41,3
65000.0,83570.93,3
133800.0,131644.43,3
118900.0,115636.84,4
142000.0,125522.64,4
110800.0,113701.9,4
124800.0,124251.84,4
59800.0,88277.4,4
118000.0,114410.08,4
89800.0,99187.56,4
140388.0,125291.64,4
116800.0,112457.12,4
117000.0,113772.08,4
118955.0,116815.72,4
56800.0,99709.76,4
70800.0,56484.88,5
55800.0,55205.84,5
55800.0,59980.88,5
63800.0,57013.88,5
378000.0,379077.69,7
330000.0,394839.68,7
96000.0,80527.04,8
105800.0,87455.04,8
66998.0,16800.0,9
35000.0,16800.0,9
48800.0,424128.0,10
68888.0,424128.0,10
218888.0,211452.0,11
250000.0,228164.0,11
115000.0,120930.0,12
76800.0,83229.92,12
66800.0,68870.04,12
27900.0,35002.96,12
36800.0,36398.3,12
52800.0,52671.93,12
30200.0,29539.92,12
39500.0,40856.06,12
18800.0,18714.49,12
50800.0,51759.29,12
32800.0,34665.28,12
68000.0,69026.68,12
35800.0,38368.65,12
22800.0,21098.85,12
43888.0,46318.52,12
37800.0,39977.16,12
48800.0,48339.76,12
129800.0,131064.61,12
62000.0,55267.96,12
42800.0,45242.17,12
16800.0,17980.42,12
24800.0,28953.52,12
33800.0,37124.16,12
46800.0,51047.57,12
49800.0,51783.47,12
93000.0,91821.96,12
119800.0,114954.0,12
22800.0,23673.25,12
24800.0,30614.92,12
43800.0,44730.53,12
80888.0,83008.04,12
78888.0,75040.52,12
24800.0,25555.12333333333,12
16800.0,16498.04,12
76000.0,75064.19,12
105500.0,104173.36,12
69800.0,68708.52,12
52000.0,55670.48,12
46888.0,45236.64,12
91800.0,96842.6,12
19000.0,19670.12,12
101888.0,113431.76,12
90800.0,88343.88,12
26800.0,31915.76,12
51399.0,48291.42,12
42800.0,43416.54,12
48800.0,48388.78,12
55900.0,57622.16,12
21800.0,21977.97,12
69500.0,72018.3,12
66000.0,65526.86,12
81800.0,75629.83,12
31000.0,33226.49619047619,12
73800.0,69421.54,12
151800.0,141777.92,12
51998.0,52493.56,12
32388.0,32805.32,12
77999.0,75951.84,12
80000.0,81641.88,12
54800.0,54974.44,12
40800.0,41174.24285714285,12
108800.0,110465.0,12
49900.0,50993.17,12
79300.0,81444.76,12
29800.0,31605.662857142856,12
83500.0,91194.52,12
31900.0,30662.64,12
39800.0,41861.52,12
46000.0,50662.1,12
47800.0,51640.64,12
107500.0,108406.0,12
19800.0,23319.64,12
28800.0,27924.52,12
33800.0,32918.32,12
77900.0,71759.39,12
55800.0,59095.56,12
82800.0,87300.96,12
136800.0,138263.49,12
87800.0,89860.4,12
46800.0,49345.54,12
29800.0,33493.76,12
66800.0,43492.44,12
146888.0,148787.2,12
42888.0,49178.5,12
49555.0,50589.78,12
55000.0,50880.0,15
39800.0,41910.0,15
113000.0,101670.0,15
119800.0,110304.0,15
99800.0,100706.0,16
32780.0,34624.8,20
53800.0,58474.8,20
46800.0,48326.24,20
76000.0,71463.54,20
35500.0,36245.64,20
30000.0,34865.36,20
65800.0,64727.84,20
38800.0,37256.52,20
50000.0,53007.87,20
59800.0,58830.93,20
39800.0,37219.91,20
40800.0,44520.51,20
30500.0,33423.18,20
34800.0,36253.18,20
31800.0,35248.04,20
52000.0,50716.55,20
144500.0,142379.0,21
78800.0,81301.78,21
78800.0,78527.13,21
74388.0,78177.95,21
168800.0,165370.32,21
109800.0,103000.66,21
89800.0,88504.06,21
126800.0,129284.4,21
65800.0,67567.09,21
107800.0,103899.0,21
92800.0,91462.28,21
92688.0,89445.6,21
164800.0,153726.12,21
123800.0,121875.0,21
135000.0,131089.52,21
79800.0,79356.72,21
148800.0,142476.52,21
72366.0,73245.47,21
78000.0,80035.15,21
83888.0,84907.12,21
125500.0,126892.0,21
134900.0,143624.68,21
86800.0,85746.75,21
106800.0,107812.64,21
142500.0,142232.0,21
82300.0,83548.38,21
92999.0,95103.89,21
70000.0,70480.34,21
83999.0,83733.25,21
156000.0,153216.28,21
133800.0,131608.16,21
141800.0,146424.04,21
70800.0,73125.85,21
98000.0,93459.73,21
73000.0,77200.0,21
80800.0,81743.63,21
91800.0,91603.7,21
149800.0,147860.04,21
91000.0,92445.76,21
69500.0,71625.07,21
152800.0,152666.56,23
142900.0,146874.25,23
108500.0,118659.24,23
175800.0,163989.92,23
48800.0,45254.28,23
78888.0,72496.65,23
29800.0,31802.04,23
147777.0,147956.04,23
154900.0,158731.76,23
145800.0,149938.53,23
26800.0,28173.56,23
163000.0,162641.52,23
73800.0,74522.15,23
143800.0,143075.7,23
151800.0,154819.53,23
121000.0,123425.12,23
166800.0,164176.64,23
49800.0,53394.5,23
117800.0,106005.12,23
133555.0,129381.52,23
45800.0,107201.68,26
73800.0,107808.4,26
56800.0,107808.4,26
79800.0,107808.4,26
77888.0,72979.88,27
61800.0,54777.0,28
55000.0,48221.0,30
120000.0,79067.2,34
118000.0,79067.2,34
57879.0,81546.08,34
1388888.0,1350000.0,35
43888.0,42959.71,36
40800.0,42758.94,36
32800.0,36081.29,36
115000.0,118119.84,36
50000.0,28055.78,36
29800.0,27077.2,36
29980.0,31662.53,36
39822.0,40109.32,36
21800.0,21344.06,36
18400.0,20023.12,36
40500.0,40517.86,36
61800.0,59167.06,36
38800.0,39353.43,36
93800.0,99440.2,36
44800.0,46349.64,36
65800.0,68742.73,36
92800.0,91888.53,36
42800.0,45525.76,36
126500.0,119385.68,36
24800.0,25821.2,36
103988.0,103195.92,36
35800.0,34530.77,36
32800.0,27508.48,36
46800.0,47568.88,36
35800.0,36299.04,36
35300.0,35428.64,36
39998.0,42941.88,36
48800.0,50635.0,36
14800.0,14224.72,36
44800.0,45576.76,36
39800.0,39526.43,36
68800.0,67097.54,36
34800.0,34841.64,36
26888.0,26100.28,36
33800.0,27319.52,36
48800.0,49426.64,36
47800.0,47716.64,36
60000.0,60242.88,36
49800.0,46961.88,36
30000.0,22638.63,36
41800.0,44436.55,36
108800.0,114290.4,36
45800.0,45929.64,36
25800.0,26329.52,36
51800.0,49708.02,36
97800.0,97659.92,36
53800.0,53325.76,36
102800.0,103341.44,36
65800.0,65277.77,36
12500.0,11910.0,36
129999.0,119291.68,36
73800.0,72315.7,36
114000.0,114150.4,36
52000.0,51415.9,36
35800.0,35651.0,36
32800.0,34716.49,36
82777.0,73084.89,36
90000.0,92195.92,36
41800.0,42846.13,36
57800.0,25404.19,36
32800.0,33322.95,36
19800.0,13460.99,36
25555.0,27133.4,36
105988.0,104524.64,36
121800.0,112345.08,37
76800.0,71419.0,37
62800.0,65625.87,37
79800.0,80919.0,37
52800.0,56032.85,37
70888.0,60141.8,37
112800.0,108154.09,37
78800.0,79082.77,37
101777.0,103437.77,37
26000.0,28760.05,42
25888.0,27998.6,42
39800.0,41107.52,42
42555.0,42533.59,42
120000.0,69307.04,43
122000.0,116782.04,43
49888.0,61056.88,43
26800.0,28052.64,43
117500.0,106355.52,43
29800.0,26940.88,43
101800.0,103972.64,43
47889.0,61022.0,43
117000.0,110098.6,43
111800.0,104153.96,43
65800.0,66068.64,44
72929.0,69780.22,45
75500.0,76971.31,45
52800.0,55448.4,45
66800.0,67834.9,45
154000.0,159206.08,45
90888.0,85159.73,45
33800.0,35912.2,45
161800.0,161007.48,45
89800.0,49088.5,45
78800.0,75156.7,45
69800.0,59694.28,45
77800.0,76799.09,45
36800.0,37511.64,45
10800.0,27935.8,45
175800.0,173623.96,45
168000.0,165511.42,45
64800.0,67959.22,45
40800.0,39823.28,45
72800.0,65778.03,45
84800.0,83679.33,45
47800.0,47371.47,45
75800.0,78827.53,45
199800.0,188155.18,45
32800.0,35600.96,45
104800.0,101393.8,45
41800.0,41098.0,45
185888.0,185606.08,45
160800.0,163178.56,45
85800.0,85784.14,45
188888.0,182256.68,45
81800.0,81436.24,45
52888.0,50835.56,45
64000.0,66817.23,45
60000.0,74380.0,45
117800.0,88079.52,46
55800.0,58699.08,46
29800.0,33469.0,46
92000.0,89667.63,46
39800.0,57339.75,46
153800.0,159300.64,46
29800.0,50424.88,46
69800.0,61195.43,46
90000.0,82436.87,46
86800.0,88859.63,46
74800.0,98490.0,47
148000.0,150800.0,47
75888.0,76232.52,51
100888.0,70827.92,51
68000.0,68899.92,51
43500.0,46749.0,51
125800.0,118077.21,52
114800.0,132679.27,52
117000.0,132679.27,52
143800.0,113933.01,52
225800.0,213679.77,54
98800.0,134044.36,54
188800.0,165620.76,55
158800.0,153781.28,55
139500.0,125345.01,56
52600.0,66969.24,56
97000.0,104827.27,56
130000.0,127047.69,56
110000.0,107514.41,56
66800.0,80170.76,56
67800.0,70551.34,56
88800.0,87866.22,56
79800.0,77305.33,56
104800.0,107157.28,56
80800.0,92805.69,56
68800.0,70631.25,56
888000.0,338800.0,58
212000.0,219886.0,60
115000.0,114509.44,60
250800.0,245614.92,60
113800.0,114747.28,60
258800.0,257420.0,60
235000.0,234711.56,60
206800.0,204715.8,60
70800.0,68345.5,60
40000.0,56388.24,60
139800.0,123853.04,60
216800.0,221589.76,60
78888.0,50244.0,61
245000.0,235056.64,62
82800.0,90275.76,62
111888.0,112115.44,62
109800.0,113021.88,62
120500.0,105115.32,62
298888.0,281130.0,62
92388.0,109583.4,62
93988.0,92458.0,63
180000.0,173949.2,64
630800.0,614734.64,66
418000.0,450548.56,66
448888.0,487129.46,66
568888.0,553122.88,66
598000.0,585787.04,66
505896.0,499762.62,66
749500.0,680095.36,67
649900.0,665649.76,67
140000.0,121414.4,71
35000.0,38296.32,71
103788.0,100062.0,73
119800.0,109820.0,73
99800.0,103212.0,73
213999.0,216385.11,74
56888.0,65813.25,74
106000.0,111188.0,74
129800.0,96197.52,74
163800.0,164535.95,74
59888.0,71080.53,74
184800.0,186849.64,74
156999.0,159866.93,74
148800.0,152679.16,74
144500.0,143193.54,74
136000.0,129169.23,74
51500.0,50393.41,74
150800.0,155805.28,74
43800.0,42685.81,74
114000.0,116454.0,74
55777.0,56691.0,74
127777.0,116362.76,74
58800.0,57944.92,74
60800.0,68476.15,74
240800.0,232118.43,74
231888.0,230320.81,74
63888.0,55958.44,74
82000.0,56269.56,74
42888.0,41805.19,74
52500.0,64172.16,75
85800.0,83250.0,75
119888.0,109936.5,75
87800.0,86288.14,75
119900.0,107667.51,75
100888.0,93057.74,75
96800.0,91893.98,75
74999.0,75632.08,75
99888.0,90465.76,75
95000.0,93138.6,75
89800.0,90309.75,75
105000.0,100991.76,75
83800.0,82596.88,75
78800.0,77818.08,75
84000.0,80222.53,75
90800.0,89699.4,75
79800.0,81511.4,75
83800.0,81852.4,75
80800.0,80036.16,75
69800.0,65282.16,77
95800.0,61961.2,77
78000.0,77039.92,77
112800.0,106366.0,78
128000.0,129766.65,78
108800.0,105407.31,79
117777.0,118449.26,79
122800.0,143341.13,79
188800.0,169203.69,79
90500.0,94399.03,79
121800.0,104609.98,79
102800.0,116514.15,79
104800.0,103809.93,79
119777.0,118537.64,79
126777.0,128518.96,79
109000.0,111383.48,80
98800.0,97188.28,80
109800.0,109648.52,80
108800.0,100897.16,80
108800.0,103326.64,80
115888.0,119209.36,80
97800.0,97358.44,80
179800.0,156869.04,81
146500.0,154486.64,81
156888.0,156869.04,81
196800.0,156869.04,81
163800.0,154963.12,81
258777.0,978479.52,83
208800.0,203453.52,88
90000.0,80075.16,88
318800.0,299171.76,88
302800.0,290140.64,88
256800.0,259734.08,88
120888.0,126863.2,90
108800.0,123339.48,90
118888.0,126592.32,90
124800.0,124105.91,90
117000.0,121037.68,90
124800.0,125372.41,90
144800.0,141977.44,90
108800.0,125321.15,90
125888.0,126467.05,90
175800.0,125890.0,91
208888.0,226127.4,94
368888.0,382176.92,94
216800.0,197947.2,94
321800.0,304612.6,94
468000.0,507616.48,94
228800.0,229250.36,94
680000.0,650847.2,94
788800.0,692801.68,94
808888.0,830848.64,95
968000.0,892768.32,95
750888.0,763515.44,95
29888.0,44967.78,99
75800.0,106989.41,99
179800.0,168367.17,99
99800.0,92647.28,99
169800.0,169497.27,99
89800.0,87761.81,99
131777.0,147953.03,99
78800.0,85577.28,99
223800.0,225962.6,99
169800.0,168075.03,99
128888.0,109248.19,101
123000.0,130620.28,102
163800.0,159440.24,102
75800.0,104178.76,102
93888.0,97294.86,102
118000.0,112505.36,102
98000.0,98595.48,102
1280000.0,1314360.0,106
295800.0,307134.88,111
848000.0,858149.1,111
570000.0,570857.52,111
398800.0,396961.76,111
305888.0,315078.16,111
148888.0,228153.56,111
798888.0,587281.12,111
210800.0,232046.1,111
730888.0,695038.0,111
528000.0,562347.36,111
688888.0,569091.28,111
351800.0,333387.76,111
378000.0,439593.28,111
195800.0,213613.37,111
428688.0,344748.0,111
288800.0,326954.81,111
316000.0,324138.0,111
998800.0,798094.31,111
530000.0,293515.64,111
599800.0,597121.07,111
540000.0,522992.28,111
580000.0,560473.52,111
288000.0,523892.82,111
338000.0,328490.0,111
498800.0,537075.88,111
558800.0,567650.8,111
150800.0,179109.52,111
149888.0,217504.21,111
512000.0,537201.52,111
139000.0,170419.61,111
395800.0,359144.4,111
245800.0,430849.23,111
530000.0,554732.0,111
321777.0,341568.0,111
639000.0,597269.16,111
358000.0,377955.52,111
236888.0,234247.92,113
239000.0,250085.76,113
233800.0,248981.76,113
17800.0,37653.52,114
101800.0,99793.93,114
51800.0,91327.0,114
133800.0,131827.28,116
46000.0,31442.39,116
148800.0,153934.16,116
88000.0,76830.0,116
25800.0,27454.0,116
151800.0,151909.96,116
19800.0,21666.86,116
140800.0,151069.74,116
128800.0,131690.16,116
168800.0,165940.0,116
42800.0,42161.8,116
137000.0,132539.4,116
23888.0,21056.98,116
172000.0,163340.28,116
38888.0,39365.08,116
42800.0,42712.92,116
52800.0,58397.86,116
23000.0,23277.55,116
34800.0,32961.04,116
39800.0,42212.84,116
31500.0,39531.23,116
168800.0,153652.98,116
38800.0,38044.28,116
44800.0,42656.17,116
49688.0,61255.9,116
60000.0,70355.88,117
93500.0,99630.32,117
71800.0,79108.32,117
118800.0,115893.0,117
127555.0,129506.88,117
115000.0,116364.88,117
129800.0,128808.88,117
108800.0,109542.44,117
98800.0,115401.52,117
109800.0,113447.96,117
123888.0,127696.88,117
110800.0,115135.72,117
129888.0,127214.4,117
116800.0,112691.88,117
128800.0,130075.0,117
123788.0,114770.16,117
101500.0,101209.86,117
131800.0,131792.56,117
128800.0,117668.0,117
132000.0,133443.0,117
129800.0,127824.0,117
122800.0,116417.64,117
80800.0,103186.2,118
130800.0,132146.75,118
83999.0,82838.98,119
35800.0,36936.76,119
85000.0,86325.02,119
36800.0,38557.79,119
66500.0,69541.56,119
78300.0,79142.55,119
104800.0,81021.08,119
40800.0,37572.86,119
89800.0,86363.68,119
86800.0,86590.7,119
110800.0,111226.82,119
75800.0,76221.26,119
87800.0,81879.52,119
107800.0,109035.94,119
129888.0,129727.0,119
112500.0,111226.82,119
39800.0,38227.08,119
42800.0,37663.59,119
70800.0,72026.88,119
25000.0,23138.16,119
40800.0,38588.06,119
66800.0,69169.8,119
63800.0,61992.72,119
116999.0,113998.56,119
36800.0,39697.63,119
29800.0,28960.88,119
51800.0,49366.0,119
114800.0,116358.5,119
83800.0,86335.73,119
87800.0,86999.75,119
63800.0,66577.27,119
76000.0,75665.0,119
86500.0,80368.56,119
35800.0,36541.38,119
92300.0,101386.98,119
88800.0,74313.23,119
84500.0,85130.97,119
103800.0,90908.49,119
43800.0,43741.48,119
116800.0,115532.77,119
23800.0,20476.32,119
114800.0,113847.58,119
75000.0,72989.36,119
28800.0,29302.24,119
50500.0,56859.04,119
84000.0,82206.8,119
40800.0,41617.88,119
134888.0,133570.0,119
89800.0,91251.0,119
120688.0,114539.06,119
183988.0,184543.68,120
162800.0,187232.72,120
250800.0,229682.16,120
36000.0,38047.14,121
97788.0,88280.44,121
94999.0,95744.76,121
104000.0,101660.0,121
30000.0,32079.08,121
169800.0,168870.0,121
138000.0,147902.64,121
33780.0,37843.28,121
22000.0,24262.35,121
20800.0,24040.35,121
88800.0,84774.04,121
80000.0,75974.41,121
47800.0,51921.16,121
73800.0,67225.64,121
86000.0,83680.12,121
93000.0,85108.4,121
133800.0,134654.08,121
138000.0,136263.52,121
37800.0,39113.19,121
52800.0,55226.0,121
263000.0,262910.0,122
258888.0,249704.0,122
232888.0,237030.0,122
145838.0,134296.08,122
163300.0,163198.32,123
100800.0,105974.52,123
101888.0,97507.37,123
59800.0,75365.88,123
84800.0,93353.44,123
86815.0,91444.04,123
115000.0,119799.38,123
113000.0,105305.12,123
124800.0,129815.52,123
155000.0,161616.64,123
101800.0,95804.01,123
128000.0,127683.32,123
115888.0,126190.32,123
139800.0,130577.28,123
82800.0,88579.56,123
153888.0,156580.48,123
94000.0,97022.76,123
62788.0,66456.0,123
115000.0,120910.5,123
70800.0,74458.0,123
162000.0,155311.76,123
90800.0,91769.76,123
106000.0,105111.09,123
98000.0,102124.43,123
90800.0,93865.52,123
112000.0,110706.5,123
106800.0,113133.52,123
68800.0,71494.0,123
71800.0,86580.52,123
117800.0,121920.62,123
46800.0,48572.63,124
30000.0,33431.17,124
89500.0,85125.44,124
79800.0,84549.16,124
54500.0,61263.06,124
70000.0,62139.25,124
99888.0,94075.72,124
239800.0,224890.4,124
35800.0,36065.84,124
33500.0,34704.41,124
72000.0,70985.39,124
36800.0,37351.67,124
179800.0,185384.0,124
99788.0,97197.8,124
167800.0,171710.97,124
145000.0,155539.58,124
102588.0,96810.64,124
41800.0,45019.19,124
89500.0,63021.1,124
215800.0,230584.89,124
170800.0,160150.49,124
88800.0,91892.83,125
143899.0,98376.94,125
67800.0,85407.95,125
53800.0,85421.15,125
126800.0,119410.64,126
124777.0,121228.24,126
113333.0,130812.56,126
189800.0,163142.64,126
105800.0,114872.64,126
169800.0,169910.88,126
76900.0,74536.0,127
52800.0,53778.88,127
62800.0,72793.56,127
13888.0,18434.0,127
52000.0,49260.0,127
55800.0,52457.0,127
46800.0,41611.0,127
66800.0,68594.96,127
60800.0,69304.0,127
73388.0,51679.92,128
31800.0,34664.4,128
70000.0,74647.2,128
42800.0,42567.41,128
61888.0,49664.8,128
38800.0,52274.24,128
39800.0,44405.96,128
58900.0,81181.12,128
52888.0,45354.92,128
63800.0,58055.34,128
73800.0,80793.76,128
119800.0,79757.92,129
57558.0,53653.38,137
41800.0,38738.8,137
48988.0,47898.7,137
146000.0,124961.14,139
230888.0,222839.12,139
306800.0,303355.48,139
232000.0,238960.0,139
280888.0,267934.76,139
341800.0,327055.72,139
79800.0,78604.61,139
349800.0,358714.0,139
215800.0,216451.64,139
215000.0,216099.04,139
221800.0,217530.28,139
122000.0,114531.15,139
150800.0,149247.27,139
98800.0,102541.67,139
265800.0,253600.65,139
229800.0,225357.96,139
225800.0,227480.72,139
118444.0,113383.05,139
106000.0,120460.63,139
256000.0,252833.8,139
162000.0,165788.35,139
235888.0,241240.64,139
63666.0,63660.24,139
221800.0,215475.52,139
180000.0,179642.34,139
258800.0,245163.71,139
168800.0,164224.75,139
95800.0,93889.94,139
279888.0,283826.52,139
193888.0,189958.0,139
209800.0,196156.51,139
89888.0,97436.91,139
132000.0,132751.04,139
219888.0,223558.84,139
238777.0,244608.0,139
243777.0,244908.65,139
134000.0,115337.56,139
167000.0,162119.86,139
63800.0,76736.74,139
138888.0,131019.28,139
232000.0,232807.04,139
268900.0,266241.19,139
288000.0,285770.4,139
135000.0,129500.0,140
62800.0,63320.0,142
59888.0,51469.29,142
53500.0,53370.44,142
83800.0,77110.12,142
28800.0,27121.33,142
28800.0,29964.14,142
54838.0,53455.4,142
84500.0,86511.56,142
23800.0,23919.0,142
45700.0,49363.28,142
25800.0,23351.64,142
26800.0,30309.56,142
59000.0,54102.08,142
58800.0,56504.28,142
34600.0,35776.68,142
69800.0,65656.0,142
62800.0,62545.0,142
59800.0,59378.0,142
32800.0,35203.42,142
44800.0,46382.98,142
102888.0,54018.04,142
37800.0,39263.54,142
77000.0,70070.66,142
33500.0,33412.08,142
51800.0,52791.12,142
24800.0,26390.0,142
39500.0,40159.71,142
47800.0,47236.12,142
58800.0,59415.0,142
49999.0,51212.36,142
79900.0,73061.52,142
35800.0,36715.92,142
63800.0,59687.52,142
44000.0,45757.06,142
74800.0,73065.88,142
63888.0,61554.65,142
18000.0,17231.08,142
191000.0,178952.88,143
162803.0,162099.93,143
329588.0,293436.07,143
111800.0,108814.88,143
250777.0,215063.74,143
109800.0,147630.0,143
205800.0,207067.88,143
320000.0,347530.0,143
171500.0,180559.75,143
170000.0,172253.66666666663,143
249777.0,249250.79,143
203800.0,198605.8457142857,143
418800.0,422669.12,143
168888.0,164442.69,143
153000.0,162074.64,143
195388.0,205048.44,143
77800.0,79156.65333333334,143
158800.0,160078.05,143
390800.0,397070.24,143
67000.0,67675.44,143
160000.0,163733.12,143
147800.0,139551.74,143
155800.0,162077.13,143
212800.0,210744.64,143
277800.0,315162.56,143
265800.0,266673.96,143
545000.0,478346.32,143
186800.0,197949.61,143
198000.0,204854.64,143
288800.0,277498.63,143
225000.0,228946.22625,143
205000.0,209024.88,143
170888.0,153504.32,143
117800.0,119576.26,143
61555.0,69064.418,143
258000.0,257850.69,143
158800.0,154340.95,143
206500.0,209062.88,143
333000.0,323009.84,143
124800.0,121720.88,143
305888.0,310174.32,143
185800.0,195811.64,143
92800.0,95377.45,143
455000.0,447833.68,143
192800.0,199274.0,143
388800.0,391619.55,143
85800.0,75649.4,143
132888.0,141141.33333333334,143
195800.0,192524.93,143
72000.0,66889.67,143
93800.0,85150.43,143
223788.0,222301.59,143
143800.0,149270.08666666667,143
124800.0,134965.04,143
213800.0,217065.39,143
318888.0,329154.71,143
155800.0,158713.6,143
88500.0,86177.91,143
255800.0,256682.72,143
219800.0,221563.832,143
94800.0,96947.07,143
208800.0,207360.75,143
360000.0,397952.92,143
92800.0,81278.84,143
171333.0,175781.88,143
248000.0,243489.03,143
540800.0,471658.64,143
155000.0,171850.8,143
450000.0,436510.08,143
186800.0,184565.68,143
239800.0,239601.76,143
136000.0,150982.88,143
288800.0,279442.36,143
126800.0,128878.26,143
175800.0,188737.48,143
97800.0,98237.88,143
235000.0,253612.24,143
168888.0,229064.04,143
76000.0,76848.58,143
93500.0,104411.88,143
148800.0,145826.71,143
101800.0,81417.45,143
128800.0,135758.45333333334,143
225800.0,223935.77,143
101000.0,96900.96,143
163800.0,168571.95452380952,143
283800.0,292594.92,143
215888.0,161562.39,143
199800.0,202153.52,143
125788.0,129869.0,143
148800.0,151263.21,143
219800.0,217863.52,143
122500.0,119652.65,143
106000.0,108359.09,143
299800.0,289859.36,143
278000.0,310480.32,143
70899.0,88307.11,143
78688.0,78767.52,143
222888.0,219229.52,143
188888.0,172237.52,143
41800.0,51780.32,143
245800.0,243598.96,143
213800.0,214247.88,143
409800.0,378966.46,143
358800.0,356379.56,143
175000.0,188743.54666666663,143
362688.0,272642.4,143
178888.0,181179.92,143
268800.0,268788.83,143
128800.0,121720.88,143
188988.0,193264.53,143
197777.0,224504.992,143
117888.0,120454.8,143
429988.0,419430.16,143
109000.0,106149.84,143
420888.0,390013.88,143
138800.0,146700.97,143
111000.0,106553.91,143
148888.0,146302.39,143
209800.0,207099.4,143
85800.0,85244.11,143
192800.0,201446.8245238095,143
311000.0,314495.76,143
133800.0,127824.24,143
145800.0,159327.29,143
168800.0,173079.49,143
117800.0,118067.66,143
227300.0,238208.38,143
146600.0,141626.64,143
263001.0,262924.18,143
210800.0,203167.8,143
249822.0,250001.2,143
10988.0,55810.14,144
99988.0,101804.08,146
137800.0,138248.04,147
45800.0,44340.0,148
36800.0,37021.87,148
75800.0,85513.33,148
80000.0,83716.16,148
85800.0,90155.06,148
55800.0,45312.88,148
90800.0,87688.99,148
46000.0,41368.31,148
41800.0,40665.38,148
24900.0,32923.59,148
46300.0,44978.0,148
45000.0,45312.41,148
46800.0,47189.52,148
51800.0,45678.84,149
42800.0,42116.04,149
39800.0,40637.16,149
32500.0,29037.56,149
47800.0,44757.16,149
50000.0,49536.4,149
88800.0,104647.68,150
170000.0,153118.52,150
99800.0,106241.45,150
82800.0,98462.97,150
145888.0,114094.11,150
115800.0,114942.96,150
18800.0,15000.0,151
159800.0,162700.0,152
16800.0,19798.52,153
58800.0,58906.88,153
23800.0,26284.6,153
87800.0,85370.0,153
84800.0,80878.76,153
53800.0,54909.58,153
31800.0,29544.76,153
58000.0,57618.88,153
74800.0,73602.4,153
43800.0,43290.9,153
22800.0,26368.24,153
53800.0,53022.52,153
35800.0,36805.65,153
53800.0,54499.2,153
62000.0,61153.76,153
54800.0,56025.98,153
51000.0,52832.0,153
36800.0,41239.38,153
59800.0,59515.64,153
54388.0,54322.46,153
48800.0,50846.06,153
38000.0,37389.35,153
56800.0,57610.0,153
48000.0,38333.56,153
30888.0,28883.96,153
48888.0,49280.61,155
79000.0,83504.44,155
66888.0,73527.44,155
70800.0,74312.92,155
121800.0,119873.87,155
74800.0,76879.77,155
107888.0,107510.4,155
89800.0,90378.04,155
105800.0,105966.4,155
64800.0,67272.36,155
68800.0,72063.76,155
108800.0,107243.88,155
83800.0,84282.8,155
70800.0,71025.06,155
82500.0,80005.0,155
104800.0,104080.0,155
70800.0,73470.16,155
103000.0,103797.35,155
99880.0,100710.0,155
117800.0,116244.28,155
125800.0,122070.08,155
110800.0,111322.88,155
104800.0,105891.28,155
126800.0,125809.66,155
74988.0,74644.56,155
105800.0,107071.52,155
76800.0,77839.78,155
48800.0,48373.83,155
47888.0,47904.3,155
112800.0,113858.76,155
76800.0,78877.0,155
107800.0,106194.88,155
70800.0,67747.36,155
45800.0,46061.55,155
133888.0,129271.44,155
50800.0,51903.75,155
115800.0,116224.88,155
59808.0,53330.99,155
44800.0,50367.5,155
76800.0,76731.84,155
609500.0,615389.44,156
568800.0,519840.4,156
598000.0,581928.64,156
578888.0,607406.4,156
518000.0,514430.64,156
46800.0,51490.0,157
37800.0,49514.0,157
98800.0,72880.0,158
69000.0,66412.0,160
54800.0,57500.0,161
60000.0,57500.0,161
19800.0,22599.55,162
66800.0,65878.0,162
65800.0,62956.0,162
58800.0,61506.0,162
61800.0,63586.0,162
43888.0,47487.0,162
60800.0,56268.0,162
124800.0,126252.88,162
133800.0,128469.04,162
29880.0,30553.93,162
58000.0,60102.0,162
39500.0,47372.72,162
40800.0,43992.01,162
72988.0,66613.76,162
55800.0,60986.0,163
138000.0,131514.0,163
87888.0,86814.0,163
130800.0,131514.0,163
50800.0,51390.0,163
41800.0,47946.0,167
96800.0,84280.54,167
77888.0,78267.81,167
53800.0,63757.52,167
53800.0,66992.8,167
82800.0,83727.88,167
107800.0,97795.28,167
880000.0,884806.0,168
468800.0,705314.0,168
54800.0,34657.6,169
38800.0,33579.96,169
23800.0,15900.0,169
28500.0,30807.4,169
34800.0,33926.52,169
47800.0,67800.0,170
75800.0,84987.91,173
189000.0,196502.12,173
78800.0,82241.97,173
133000.0,103252.01,173
69999.0,87377.5,173
234800.0,213487.69,173
81888.0,89402.54,173
131800.0,160916.2,173
143999.0,170989.12,173
240000.0,212149.78,173
213888.0,212332.59,173
126888.0,124790.5,173
99777.0,91082.51,173
75800.0,92906.0,174
130900.0,121073.0,174
84600.0,84385.44,175
77800.0,74447.64,175
75000.0,72198.0,175
73000.0,74500.76,175
54800.0,51598.84,175
60888.0,57093.88,175
53800.0,56574.72,175
63998.0,67301.0,175
83800.0,76865.88,175
62000.0,69850.0,175
92000.0,94531.5,175
62800.0,56580.2,175
55800.0,53806.6,175
49800.0,51516.76,175
68800.0,66902.0,175
64800.0,67838.0,175
54888.0,57408.76,175
57800.0,62168.0,175
138988.0,139092.34,176
141000.0,143206.16,176
136888.0,138383.77,176
149800.0,144550.0,176
66800.0,62681.88,177
96900.0,102248.86,177
78800.0,84049.2,177
51800.0,55671.2,177
93998.0,93608.17,177
49000.0,53457.0,177
89800.0,88918.0,177
121800.0,127599.02,177
50800.0,51375.72,177
83800.0,85445.16,177
99995.0,99119.74,177
145000.0,132787.76,177
118800.0,102294.08,177
89800.0,94086.5,177
93000.0,103668.49,177
55500.0,62516.83,177
54800.0,55429.84,177
69900.0,64096.76,177
77800.0,77119.88,177
96800.0,97477.98,177
48800.0,47040.52,177
100800.0,77996.1,177
78800.0,80615.76,177
58800.0,50745.82,177
95800.0,98374.16,177
163800.0,165051.28,177
132000.0,114760.32,177
80000.0,81408.44,177
108800.0,101744.43,177
54800.0,56166.88,177
70000.0,64216.31,177
82800.0,80716.68,177
73800.0,73807.81,177
100800.0,91983.58,177
78800.0,74621.82,177
90000.0,89539.88,177
102800.0,96780.0,177
72800.0,65467.64,177
82800.0,87408.88,177
89822.0,89199.8,177
61500.0,58702.04,177
84800.0,87656.0,177
86800.0,84907.02,177
41800.0,42172.04,177
62800.0,60825.76,177
61800.0,60777.76,177
50800.0,56807.0,177
100800.0,99934.78,177
170000.0,164152.52,177
72800.0,73884.0,177
33000.0,39472.64,177
79800.0,81303.16,177
78800.0,83060.88,177
99888.0,103065.08,177
96300.0,70527.0,177
95000.0,96748.04,177
55888.0,58876.72,177
94800.0,91294.64,177
123800.0,131884.16,177
76800.0,75931.0,177
112200.0,99725.0,177
78888.0,79118.4,177
76800.0,75957.79,177
120800.0,123589.48,177
62800.0,62983.88,177
51800.0,48562.0,177
88500.0,90330.84,177
54888.0,58126.0,177
68800.0,69538.88,177
155888.0,164128.4,177
104000.0,100331.56,177
56000.0,54087.18,177
108800.0,101820.0,177
78800.0,80614.2,177
37800.0,40515.22,177
88800.0,85022.92,177
87800.0,85435.2,177
61800.0,58346.28,177
75800.0,77048.64,178
138888.0,138559.95,178
149800.0,136685.93,178
139899.0,139971.97,178
37800.0,42967.64,178
13000.0,65549.0,178
60800.0,60699.65,178
58800.0,59010.16,178
59800.0,58410.64,178
63822.0,62536.68,178
85800.0,71983.84,178
138800.0,136071.88,178
70800.0,76042.52,178
63800.0,74077.08,178
38800.0,43321.44,178
48500.0,49899.61,178
147000.0,139241.99,178
85888.0,76926.98,181
70000.0,74416.96,181
38800.0,36263.32,182
48800.0,44112.06,182
69777.0,70980.09,182
78800.0,68334.62,182
106888.0,56605.63,182
33800.0,34544.23,182
26800.0,29236.07,182
15800.0,17210.88,182
61888.0,59209.49,182
45888.0,40768.07,182
28800.0,27911.81,182
27800.0,29786.35,182
19800.0,21807.55,182
111777.0,114447.5,182
44800.0,43651.76,182
114800.0,116209.72,182
34800.0,33967.16,182
23800.0,25751.66,182
17150.0,18253.55,182
126800.0,130122.39,184
88800.0,92152.18,184
105500.0,108792.02,184
115800.0,118619.47,184
86800.0,89213.56,184
37800.0,35328.0,185
41800.0,41371.56,186
18500.0,22090.64,186
41800.0,41593.24,186
39800.0,41888.0,186
45000.0,43856.52,186
38800.0,39068.52,186
36800.0,35412.64,186
45800.0,45338.24,186
30800.0,35138.85,186
35800.0,40571.09,186
11800.0,12629.68,186
42800.0,42170.52,186
20800.0,22180.64,186
13500.0,14199.25,186
38800.0,41818.0,186
41800.0,41593.24,186
41800.0,41532.56,186
41800.0,41532.56,186
25800.0,25392.16,186
42600.0,37175.49,186
45800.0,45031.88,186
26800.0,37549.64,187
39800.0,36021.96,187
39800.0,33783.72,187
34800.0,38003.64,187
29500.0,33765.8,187
298800.0,320304.88,188
380000.0,357716.8,188
388800.0,368586.96,188
49000.0,44570.97,189
155500.0,158752.98,189
50500.0,47298.15,189
67800.0,65617.31,189
45500.0,45797.75,189
35800.0,36993.82,189
80888.0,84083.0,189
37800.0,34823.87,189
113800.0,110251.76,189
26800.0,23087.0,189
37000.0,37036.2,189
50800.0,51757.49,189
38800.0,37729.36,189
129800.0,122734.64,189
133800.0,138259.84,189
52800.0,52599.1,189
75800.0,72076.0,189
41800.0,43826.26,189
48500.0,47620.65,189
22500.0,22911.52,189
138600.0,115039.28,189
37800.0,38436.06,189
98800.0,104238.64,189
121800.0,122915.88,189
38800.0,43117.25,189
30900.0,32239.93,189
58588.0,53767.09,189
33800.0,37079.4,189
54800.0,54732.94,189
130800.0,133384.42,189
136800.0,132688.52,189
46800.0,45589.08,189
109388.0,111168.08,189
55800.0,48157.04,189
97000.0,98629.52,190
116800.0,110168.44,190
74800.0,69721.88,190
92800.0,100879.16,190
25800.0,31410.0,190
76800.0,78522.16,190
56800.0,56925.72,190
38800.0,37874.52,190
96800.0,98838.59,190
38800.0,39201.4,190
50800.0,51992.04,190
72800.0,75217.29,190
39888.0,38649.88,190
36800.0,50790.68,190
51800.0,52379.28,190
40800.0,50732.8,190
64800.0,58733.76,190
58800.0,54082.88,190
43800.0,46152.0,190
52800.0,53102.64,190
53800.0,62962.97,190
30800.0,33731.88,190
68000.0,76468.16,190
75800.0,76735.32,190
70800.0,69651.88,190
75800.0,71364.63,190
58800.0,55447.52,190
27800.0,28440.0,190
19800.0,23902.0,190
52800.0,52343.76,190
53800.0,53531.2,190
18288.0,25082.0,190
94800.0,86359.15,190
32800.0,26080.0,190
49800.0,49654.64,190
26800.0,33340.0,190
26000.0,95270.0,192
20800.0,96090.0,192
59800.0,62666.36,193
79800.0,71403.8,193
32800.0,32523.25,193
66777.0,55774.12,193
46800.0,49948.6,193
70800.0,55909.2,193
32888.0,32377.65,193
250000.0,229664.0,194
408800.0,412504.73,195
112000.0,117186.35,195
419800.0,416160.38,195
128000.0,120982.18,195
155800.0,146683.43,195
146800.0,142979.61,195
172800.0,155667.88,195
88000.0,106958.43,195
350000.0,348284.55,195
148000.0,143962.07,195
105000.0,117970.08,195
159000.0,173787.76,195
160000.0,126373.07,195
338800.0,329233.76,195
176000.0,149519.16,195
299888.0,325702.27,195
103800.0,113220.16,195
129888.0,140758.22,195
120800.0,127300.04,195
368800.0,370781.11,195
105800.0,112018.77,195
369888.0,357690.61,195
178888.0,125088.75,195
170000.0,155111.9,195
273000.0,274808.0,195
126800.0,127642.34,195
270000.0,256224.0,195
155800.0,135652.09,195
91888.0,73271.92,195
256800.0,261800.24,195
122800.0,111886.04,196
88888.0,83454.27,196
85000.0,91609.07,196
140800.0,140623.12,196
155800.0,146164.36,196
131000.0,106957.8,196
74888.0,83652.39,196
110800.0,121139.08,196
115000.0,101624.2,196
99800.0,92636.24,196
68888.0,81037.74,196
113800.0,116179.06,196
110800.0,97623.67,196
116800.0,104467.72,196
41800.0,43915.5,201
9800.0,11042.38,201
72800.0,72386.8,201
55800.0,55860.76,201
44800.0,44968.35,201
61800.0,62123.66,201
45888.0,43841.38,201
94500.0,89502.88,201
101800.0,101762.52,201
100000.0,97987.56,201
91888.0,94655.48,201
22800.0,24266.8,201
43000.0,40700.38,201
74000.0,73224.56,201
56800.0,55932.26,201
74800.0,72591.88,201
19800.0,25433.98,201
58800.0,54611.45,201
55800.0,52492.08,201
74900.0,72549.76,201
74000.0,71367.88,201
59800.0,58916.12,201
15800.0,14008.72,201
89800.0,95681.7,201
30800.0,42200.32,201
16000.0,15125.88,201
71500.0,69595.4,201
60800.0,57068.88,201
42800.0,44874.88,201
90800.0,94860.15,201
94500.0,77285.0,201
73000.0,72652.0,201
7200.0,7575.16,201
65000.0,65480.48,201
82000.0,77875.52,201
9800.0,10771.62,201
40888.0,41827.0,201
14588.0,15355.48,201
79888.0,75021.28,201
100000.0,98094.14,201
16500.0,15933.58,201
66800.0,65550.26,201
105800.0,101903.28,201
55800.0,51770.0,201
52800.0,50216.64,201
99000.0,82106.0,201
29800.0,30422.67,201
84888.0,77776.0,201
26800.0,27476.4,201
66800.0,69336.92,201
28800.0,39217.44,201
79800.0,75577.9,201
33500.0,31924.93,201
39800.0,37246.68,201
109000.0,107163.48,201
22500.0,25671.97,201
39800.0,40872.81,201
38800.0,41273.47,201
78800.0,80572.97,201
49888.0,52492.18714285715,201
45800.0,47418.28,201
24000.0,25432.05,201
31500.0,30794.73,201
29800.0,30839.49,201
61300.0,58636.28571428571,201
8800.0,8851.28,201
10998.0,11759.78,201
76800.0,77007.98,201
31800.0,31810.81,201
51000.0,51482.92,201
102800.0,98111.87,201
92800.0,95421.72,201
102888.0,97867.2,201
29800.0,30048.69,201
41800.0,44451.68,201
54800.0,50207.24,201
9500.0,9975.08,201
47800.0,45378.94,201
29988.0,36586.96,201
98100.0,97634.71,201
28588.0,29985.54,201
84800.0,58699.65,201
78800.0,81669.82,201
41800.0,40986.0,203
28800.0,33737.52,204
26800.0,37545.16,204
48800.0,39178.16,204
36800.0,34145.76,204
50888.0,50541.83,205
75800.0,76979.96,205
57800.0,60567.66,205
45800.0,38585.2,205
52800.0,55508.94,205
54800.0,53947.0,205
74800.0,80123.55,205
46800.0,47524.64,205
82800.0,87857.9,206
49800.0,53324.05333333334,206
78888.0,80286.04,206
68888.0,68789.0,206
113000.0,108758.71,206
143800.0,130521.65,206
50888.0,50904.28204761905,206
50800.0,50108.54361111112,206
52800.0,50600.58372294372,206
47800.0,46263.38333333333,206
89800.0,89698.52,206
99000.0,97625.8,206
83888.0,77917.12,206
59800.0,59510.89571428571,206
62800.0,66827.52,206
42800.0,44909.92702380953,206
61800.0,60104.84444444444,206
42800.0,43854.01777777778,206
78800.0,77583.97,206
54000.0,57380.6,206
48500.0,49847.05282539682,206
58500.0,60898.6,206
82800.0,85443.08,206
88800.0,78218.08,206
57800.0,54063.723722943716,206
76800.0,67679.66,206
120800.0,109215.66,206
63988.0,63342.31,206
115000.0,108979.23,206
42000.0,41880.22577777777,206
99800.0,99894.5,206
94800.0,99590.24,206
132800.0,117363.31,206
117800.0,100789.29,206
143888.0,126175.94,206
109500.0,102238.99,206
42800.0,44349.655119047624,206
26888.0,27106.0,206
72800.0,66134.16,206
92950.0,91454.37,206
48800.0,49723.36,206
105800.0,102503.09,206
77777.0,77242.22,206
21800.0,22108.0,206
46800.0,47319.480634920634,206
99800.0,104533.46,206
54500.0,58858.87,206
80888.0,80546.52,206
95000.0,87407.07,206
43800.0,49440.96,206
135800.0,126175.94,206
53800.0,56376.79,206
73800.0,72845.88,206
75800.0,81312.96,206
62000.0,60020.84444444444,206
88500.0,91555.35,206
57888.0,59786.57,206
75800.0,74011.92,206
73800.0,73217.04,206
92800.0,98089.59,206
41800.0,39236.4119047619,206
55800.0,55797.82,206
26500.0,25611.8,206
145888.0,110933.37,206
84800.0,86191.7,206
55888.0,57586.88,206
70800.0,73481.5,206
50900.0,54298.34857142857,206
78800.0,75889.34,206
46800.0,43953.02333333333,206
43800.0,44306.094952380954,206
66800.0,68721.76,206
54800.0,66322.67757575758,206
76800.0,79877.72,206
59800.0,60849.88,206
52800.0,50338.45711111111,206
82800.0,80693.08,206
92800.0,92944.23,206
23800.0,26029.0,206
77000.0,75630.88,206
37800.0,40051.21333333333,206
67800.0,68937.96,206
103600.0,99184.27,206
80800.0,67585.12,206
96800.0,99669.62,206
104800.0,105008.55,206
55800.0,56141.28,206
85000.0,87332.7,206
78888.0,80655.16,206
80888.0,79054.36,206
34800.0,43785.31705627706,206
59800.0,61768.26,206
58800.0,58868.14,206
62800.0,60316.58,206
115000.0,106004.04,206
45800.0,43977.10571428571,206
59688.0,59795.84444444444,206
43588.0,44455.96332251082,206
61000.0,58712.36,206
87800.0,85023.92,206
67000.0,65345.52,206
54888.0,53126.65,206
27000.0,30930.56,206
15500.0,15653.0,206
88888.0,78543.06,206
83800.0,84648.06,206
95888.0,92822.39,206
47800.0,47287.07583333333,206
198500.0,195482.08,207
80800.0,66841.52,207
48800.0,56306.88,207
47000.0,47633.0,207
34388.0,34210.64,207
206800.0,157800.4,207
38800.0,37566.04,207
187800.0,193982.8,207
104000.0,102942.59,207
42800.0,38378.28,207
39800.0,42532.96,207
77800.0,75296.88,207
202999.0,201617.12,207
114800.0,114663.1,207
208800.0,206994.04,207
205000.0,202089.84,207
199800.0,201372.44,207
87800.0,86125.2,207
205888.0,187930.2,207
128000.0,113113.25,207
78888.0,63085.0,207
36800.0,38345.24,207
179800.0,180993.28,207
108888.0,104901.99,207
202555.0,203546.36,207
46800.0,46558.68,207
78800.0,79908.11,207
79800.0,76570.11,207
78800.0,78907.6,207
57800.0,63505.24,207
75800.0,75775.92,207
72800.0,73242.0,207
92800.0,92369.92,207
51800.0,50530.98,207
174888.0,171614.36,207
75800.0,75281.88,207
78800.0,83042.68,207
34000.0,38915.84,207
118288.0,114713.25,207
178000.0,169647.48,207
213888.0,209883.8,207
120800.0,120542.88,208
107800.0,116270.88,208
130000.0,122658.0,208
107800.0,116236.0,208
110888.0,120321.28,208
76800.0,73424.0,208
126800.0,134958.0,208
75800.0,72855.0,208
123800.0,123408.0,208
105800.0,100598.0,208
130800.0,134352.0,208
74500.0,75836.0,208
205800.0,45971.32,209
220800.0,45971.32,209
58800.0,55054.4,211
55800.0,55394.4,211
76800.0,60236.4,211
40600.0,45505.52,212
43800.0,41910.6,212
32800.0,32914.56,212
54800.0,52072.88,213
46800.0,51939.52,213
96888.0,94784.0,214
111000.0,106129.0,214
99800.0,111995.5,214
89898.0,95000.0,215
54800.0,63707.52,217
58800.0,55890.44,217
44800.0,44892.46,218
99800.0,93217.57,218
88800.0,92553.09,218
98800.0,93134.81,218
99800.0,93089.6,218
17800.0,26385.68,218
103800.0,93111.72,218
248888.0,253804.88,220
750888.0,766332.0,220
133800.0,149267.77,220
555800.0,566768.56,220
189800.0,231853.52,220
128800.0,115528.07,220
398800.0,357484.45,220
688888.0,660266.08,220
313000.0,299001.55,220
266800.0,259027.28,220
319800.0,342976.12,220
278888.0,289546.64,220
298000.0,294125.88,220
129800.0,147506.09,220
217800.0,234630.12,220
295888.0,293908.88,220
133777.0,127165.17,220
339000.0,295002.46,220
29800.0,36071.0,221
157800.0,169066.92,221
83800.0,85193.11,221
78800.0,69811.36,221
54800.0,59245.52,221
81800.0,82195.414,221
71888.0,70819.56,221
66800.0,68493.16,221
56800.0,56254.08,221
146800.0,130640.64,221
64800.0,60989.65,221
44800.0,82989.94,221
60800.0,55969.56,221
99800.0,73934.06,221
141800.0,126379.12,221
132800.0,125397.48,221
83800.0,84931.7,221
91800.0,88864.96,221
65800.0,60019.75,221
67800.0,75745.304,221
75000.0,71191.92,221
142800.0,155594.0,221
81000.0,75554.88,221
75888.0,76669.97,221
56588.0,53015.56,221
66800.0,67401.56,221
82800.0,83340.174,221
167900.0,161747.37,221
84000.0,71722.04,221
79998.0,78557.68,221
168800.0,177847.88,221
29999.0,33448.77,221
32800.0,36994.42,221
72000.0,74131.94,221
73338.0,70399.0,221
175000.0,174348.72,221
58800.0,63475.04,221
44588.0,48079.32,221
55500.0,54981.2,221
49800.0,48335.68,221
67888.0,77709.3,221
142888.0,139823.25,221
88059.0,79614.1,221
85999.0,86343.2,221
48800.0,51761.0,221
78800.0,83197.56,221
36800.0,46166.0,222
59800.0,52570.0,222
19800.0,25003.0,224
44800.0,45671.4,224
37800.0,30905.16,224
39800.0,40404.763333333336,224
51800.0,52976.6,224
38000.0,39266.0,224
30800.0,28882.88,224
30888.0,32552.77,224
34000.0,36580.77,224
110800.0,111588.8,224
66800.0,80258.0,224
27800.0,26295.53,224
62800.0,62020.0,224
22000.0,19543.7,224
45800.0,45349.39,224
43500.0,45390.4,224
46800.0,45830.08,224
25800.0,24501.64,224
42800.0,45248.0,224
38800.0,39935.0,224
37800.0,41610.92,224
26800.0,31320.39,224
24000.0,25563.54,224
105800.0,110585.4,224
30800.0,37752.0,224
79800.0,80585.0,224
43800.0,43709.01,224
49500.0,45740.91,224
80800.0,80298.0,224
33800.0,34102.42,224
47777.0,48955.64,224
87800.0,88009.0,224
50800.0,52270.52,224
40800.0,41138.0,224
119800.0,114387.52,224
111888.0,110761.4,224
45800.0,48471.96,224
105800.0,99984.88,224
9588.0,15102.48,224
72800.0,83168.88,224
33800.0,37300.0,225
81800.0,110000.0,226
97000.0,119250.76,227
74800.0,73282.75,227
217800.0,214884.76,227
78800.0,74308.57,227
143800.0,137306.0,227
198800.0,195907.88,227
88000.0,109871.76,227
208888.0,195893.88,227
206800.0,213871.52,227
228000.0,197144.52,227
81800.0,92250.15,227
46800.0,52003.92,228
102800.0,104990.92,228
115888.0,115721.96,228
99300.0,111590.96,228
99800.0,104982.68,228
39800.0,56156.28,228
89800.0,81267.4,230
68000.0,67418.08,230
98800.0,96324.72,230
72800.0,66787.84,230
76800.0,77478.96,230
93800.0,95174.53,230
60000.0,56685.05,231
72888.0,65853.8,231
62800.0,56894.54,231
52800.0,57154.43,231
62800.0,63447.0,231
269800.0,257349.28,232
140800.0,139539.6,232
43800.0,35710.88,233
27000.0,25429.75,233
20800.0,25198.75,233
9000.0,10310.0,233
23800.0,25615.29,233
1850000.0,1567810.88,236
105888.0,102560.0,237
30800.0,106640.0,237
78600.0,124188.0,239
1750000.0,1264128.0,240
480000.0,431316.0,241
525888.0,465416.0,241
105000.0,680000.0,242
320888.0,337520.0,243
739000.0,628208.0,244
349800.0,313100.28,245
333888.0,323353.4,245
73800.0,67272.72,245
429999.0,354613.28,245
350000.0,353999.68,245
285888.0,277296.76,245
50800.0,43800.0,246
86800.0,91034.78,248
106000.0,117187.8,248
77800.0,76077.76,248
80800.0,78814.16,248
165800.0,171387.0,248
203000.0,192700.0,248
147800.0,132034.0,248
65800.0,69241.28,248
162800.0,172683.88,248
70500.0,75004.68,248
135888.0,123893.68,248
42800.0,45370.24,249
49000.0,45997.6,249
24800.0,27751.44,250
14800.0,13287.88,250
33800.0,30222.22,250
12800.0,13962.53,250
20900.0,14852.72,250
20800.0,21373.2,250
14800.0,15526.65,250
33800.0,56120.08,251
78800.0,73428.76,251
48800.0,48674.08,254
120800.0,120883.28,255
125888.0,122028.2,255
120800.0,120628.0,255
96800.0,101019.84,256
99800.0,100441.16,256
27800.0,26077.0,256
34800.0,48766.0,256
49555.0,50367.44,256
95800.0,99677.84,256
39800.0,43761.0,256
41800.0,47008.0,256
71988.0,65595.64,256
98800.0,97739.52,256
68800.0,77505.76,256
119800.0,118024.0,256
19800.0,21055.0,256
43800.0,47230.0,256
97800.0,98938.4,256
104988.0,103228.84,256
94822.0,97577.52,256
73800.0,75031.68,256
43800.0,46571.0,256
50988.0,45255.36,256
37988.0,30377.18,256
98988.0,101579.72,256
52900.0,54247.04,256
32800.0,37724.0,256
105800.0,101060.16,256
72500.0,69961.0,256
115800.0,107048.88,256
81800.0,72945.16,256
53800.0,53417.0,256
116888.0,104810.21,256
23800.0,23372.0,256
53800.0,52930.0,256
118800.0,117817.0,256
30800.0,32534.76,256
120800.0,121795.64,256
49800.0,49320.0,256
92800.0,87001.88,256
122800.0,121793.0,256
23800.0,25198.22,256
53800.0,52656.0,256
84800.0,87220.0,256
82800.0,83876.16,256
19800.0,23480.0,256
119800.0,120405.0,256
99500.0,98349.04,256
111800.0,122276.2,257
39800.0,39481.52,257
43800.0,46213.99,257
130800.0,130801.12,257
131000.0,131982.17,257
69000.0,70002.37,257
110800.0,113584.17,257
108800.0,93056.69,257
175800.0,174051.16,257
41800.0,39951.92,257
197988.0,199845.1,257
78800.0,80840.38,257
38800.0,34814.88,257
38888.0,38958.4,257
41500.0,42925.44,257
49888.0,49849.4,257
158800.0,146412.11,257
183988.0,187857.6,257
162500.0,158939.8,257
219800.0,214298.88,257
195999.0,198779.72,257
61800.0,64454.54,257
61800.0,60941.25,257
93800.0,90636.4,257
84800.0,83136.92,257
33800.0,32910.0,257
71800.0,49835.8,257
59800.0,61959.44,257
151800.0,159653.25,257
172900.0,170920.92,257
109800.0,112781.53,257
103800.0,99637.92,257
108000.0,98987.23,257
78800.0,80660.0,257
175800.0,174087.44,257
59500.0,60349.55,257
103888.0,91372.52,259
85888.0,90134.28,259
108000.0,99988.0,261
93800.0,102792.0,262
93999.0,104565.0,262
108800.0,102701.0,262
136800.0,138558.62,263
89800.0,90268.0,263
128800.0,122027.3,263
119000.0,116282.0,263
165800.0,165330.0,263
257800.0,250164.95,264
395999.0,338926.0,264
338800.0,316938.51,264
345999.0,289026.21,264
248888.0,269579.98,264
419988.0,379041.72,264
154800.0,159759.42,265
162800.0,162565.82,265
103800.0,86182.44,266
50800.0,52337.08,266
29800.0,31134.64,266
38800.0,43017.24,266
45888.0,45874.76,266
45000.0,48274.92,266
159600.0,155310.57,266
92500.0,83539.88,266
55900.0,55691.88,266
76800.0,76313.6,266
50800.0,55182.0,266
152800.0,154893.5,266
90800.0,89590.84,266
84800.0,86758.0,266
76800.0,78995.76,266
140800.0,148900.12,266
19800.0,24236.68,266
74800.0,79059.68,266
72800.0,75304.56,266
58800.0,65031.0,266
52800.0,58494.0,266
95800.0,94592.96,266
123800.0,121758.0,266
47800.0,46604.16,266
88800.0,91934.88,266
133800.0,128700.0,266
128800.0,123606.0,266
43500.0,48025.96,266
99800.0,92460.32,266
61000.0,59160.88,266
105800.0,112898.0,266
129800.0,130509.0,266
89888.0,91238.64,266
95800.0,105959.68,266
95800.0,94117.92,266
118800.0,120200.4,266
43800.0,44817.0,269
59800.0,53602.64,271
131800.0,127846.16,271
100888.0,100090.0,271
61800.0,66987.32,271
78800.0,79046.29,271
75800.0,74693.52,271
103000.0,94118.09,271
123000.0,108357.92,271
75800.0,74332.88,271
100000.0,97117.5,271
132800.0,130867.28,271
53800.0,65019.04,271
78800.0,79609.94,271
76000.0,76563.05,271
63555.0,72100.16,271
65800.0,66987.92,271
89888.0,52073.28,271
115000.0,97150.88,271
58888.0,54222.64,271
66800.0,55453.52,271
131800.0,130951.84,271
95800.0,95500.91,271
90500.0,83120.05,271
98800.0,51764.92,271
65800.0,71303.04,271
62800.0,74390.65,272
219888.0,229671.76,272
235800.0,238569.0,272
227800.0,222333.96,272
44800.0,47637.92,274
93888.0,92874.0,275
78800.0,80287.0,276
79800.0,80607.0,276
95600.0,88946.0,276
76800.0,88800.0,276
88800.0,97019.9,277
91800.0,95931.79,277
89800.0,88704.0,277
87800.0,96443.83,277
113800.0,97805.77,277
103800.0,96151.94,277
101800.0,93315.82,277
64800.0,61868.78,279
38800.0,38759.07,279
36800.0,29482.81,279
34800.0,32503.3,279
26800.0,27256.93,279
58800.0,61474.08,279
37800.0,37804.73,279
36800.0,38632.39,279
38000.0,34662.96,279
29800.0,29804.85,279
59800.0,57092.74,279
56888.0,57887.66,279
31988.0,31616.44,279
63388.0,61849.74,279
51800.0,50871.16,279
49800.0,50039.94,279
62288.0,60568.82,279
55888.0,56974.49,279
41800.0,39291.77,279
60000.0,59706.88,279
26999.0,28955.32,279
52800.0,52668.5,279
59800.0,62662.16,279
45000.0,44531.24,279
28800.0,28747.36,279
53800.0,50338.42,279
25800.0,29566.97,279
59500.0,58249.88,279
67800.0,65769.64,279
29800.0,28589.54,279
23800.0,25824.92,279
26800.0,24844.95,279
50800.0,52551.0,279
33800.0,31453.76,279
56800.0,56310.76,279
60800.0,60124.08,279
55800.0,57773.84,279
48888.0,48676.62,279
37800.0,39170.11,279
55800.0,57315.5,279
44800.0,45472.0,279
32800.0,31112.46,279
59800.0,56896.12,279
28998.0,29450.48,279
121988.0,110740.88,280
61800.0,61944.0,281
36800.0,53952.0,281
118000.0,126172.08,282
132800.0,136768.24,282
93800.0,130608.96,282
236800.0,240023.36,288
325988.0,363998.0,290
310888.0,457113.2,291
142800.0,142667.52,292
133800.0,132397.0,292
128800.0,133642.76,292
48988.0,49503.84,292
172888.0,168047.88,292
40888.0,45447.84,292
69800.0,69447.64,292
92800.0,89549.56,292
54800.0,55236.04,292
65000.0,74221.96,292
160800.0,162240.44,292
73800.0,77768.2,292
138800.0,140697.0,292
135800.0,141703.64,292
147800.0,146121.76,292
125800.0,121000.56,292
163800.0,161247.2,292
77800.0,73140.0,293
71800.0,62560.0,293
75800.0,73560.0,293
92000.0,88979.63,294
37999.0,40534.12,294
88800.0,94018.06,294
53800.0,55217.38,294
61800.0,65037.42,294
68800.0,71499.64,294
40800.0,57289.74,294
90800.0,77864.6,294
32888.0,37426.6,294
79800.0,73689.68,294
50800.0,50365.28,294
89800.0,90587.5,294
30800.0,38665.2,294
65800.0,56939.3,294
99800.0,55858.66,294
94800.0,98947.84,294
94800.0,91407.5,294
87800.0,58077.45,294
89800.0,86487.04,294
89800.0,69831.21,294
75800.0,89910.77,294
48800.0,44692.32,294
51800.0,58257.81,294
66800.0,59373.77,294
86000.0,81608.24,294
38500.0,41757.84,294
225800.0,239888.0,295
70800.0,63355.74,296
68800.0,67777.59,296
59800.0,65064.35,296
64800.0,58868.01,296
66800.0,69130.4,296
69800.0,69878.88,296
69800.0,72001.76,296
59999.0,60969.42,296
69800.0,69360.0,296
63800.0,66680.11,296
142888.0,137984.6,297
147988.0,139985.28,297
115000.0,120261.84,298
115900.0,117726.59,298
98000.0,107532.93,298
125000.0,112444.2,298
110000.0,115955.41,298
113000.0,112664.68,298
105800.0,112879.0,298
132888.0,114182.67,298
90800.0,99162.16,298
109888.0,115046.88,298
108800.0,116052.93,298
93888.0,99279.64,298
127800.0,122378.76,298
128000.0,113387.74,298
122000.0,120605.69,298
121800.0,114345.13,298
153800.0,126871.16,298
129800.0,109720.81,298
108800.0,112746.98,298
103800.0,72510.4,300
136800.0,181754.65,305
96777.0,107392.92,305
74800.0,79944.54,305
117800.0,130249.24,305
198800.0,172243.68,306
680000.0,720950.0,307
328000.0,328083.6,309
279000.0,328659.76,309
1170788.0,1314974.16,312
1200000.0,1093759.28,312
91800.0,93560.43,313
148800.0,118297.41,313
129800.0,119800.0,317
24800.0,34994.0,319
29900.0,34976.76,319
41800.0,41552.12,319
77800.0,71741.28,321
88800.0,86178.76,321
48000.0,49543.76,321
73800.0,73415.82,321
86888.0,83599.0,321
55988.0,56638.15,321
56800.0,62000.86,321
73800.0,76356.88,321
99888.0,89222.8,321
87800.0,93238.64,321
88800.0,85656.52,321
57800.0,51140.64,321
40800.0,38682.0,321
85000.0,85876.16,321
59800.0,57814.8,321
70838.0,73790.28,321
88815.0,79079.88,321
76888.0,77470.0,321
37888.0,31515.0,321
73500.0,73143.09,321
74500.0,72439.52,321
72800.0,72666.96,321
55800.0,54956.88,321
62800.0,60844.0,321
47800.0,50678.64,321
77800.0,73403.56,321
74988.0,73657.24,321
32000.0,31149.0,321
73800.0,71772.88,321
96800.0,95573.68,321
62800.0,60277.72,321
50000.0,49463.88,321
71000.0,73156.88,321
57800.0,59150.68,321
70000.0,75708.78,321
108000.0,98239.96,321
53900.0,55279.76,321
73800.0,72376.49,321
68800.0,68932.0,321
86500.0,85797.04,321
84800.0,84457.36,321
71800.0,72150.76,321
16300.0,20014.84,324
24200.0,20920.28,324
21300.0,16089.16,324
288000.0,482236.58,325
1058888.0,1168586.8,325
53800.0,46613.19,327
24800.0,24967.63,327
41800.0,36778.0,327
39800.0,35981.55,327
35800.0,35563.43,327
33800.0,29377.71,327
46000.0,36676.0,327
36800.0,36131.0,327
39800.0,37539.0,327
42800.0,47866.08,328
42289.0,43242.76,328
95800.0,98877.16,328
34800.0,30805.02,328
74888.0,78422.17,328
55800.0,59833.96,328
54200.0,52180.56,328
51800.0,52131.04,328
58000.0,57317.96,328
45000.0,39132.41,328
56888.0,55745.0,328
36777.0,37090.79,328
39888.0,37467.91,328
48800.0,49490.4,328
33800.0,36622.52,328
51800.0,50429.92,328
26300.0,26537.72,328
46800.0,45757.2,328
34800.0,38152.96,328
85800.0,84700.37,328
52800.0,51450.32,328
25800.0,27516.65,328
53001.0,52445.64,328
82888.0,87266.92,328
34800.0,35125.92,328
37000.0,37518.6,328
58800.0,57541.88,328
49800.0,52024.88,328
36688.0,37800.92,328
93000.0,85610.25,328
41800.0,41481.56,328
56999.0,62763.68,328
47800.0,51688.36,328
90788.0,90610.56,328
58700.0,55093.0,328
27000.0,27125.29,328
43000.0,50135.76,328
73800.0,72871.24,328
37000.0,33274.43,328
78600.0,80284.76,328
36800.0,39375.28,328
45800.0,48054.52,328
64800.0,69394.72,330
71800.0,74033.08,330
68800.0,95202.4,330
97800.0,83305.92,330
88900.0,79671.68,330
92800.0,92480.0,331
96800.0,91742.16,331
91000.0,92778.76,331
99800.0,96567.0,331
80800.0,80902.8,331
165888.0,163083.44,331
85800.0,89945.4,331
93800.0,90499.16,331
128800.0,125851.32,331
81800.0,81307.16,331
115800.0,124172.0,331
116800.0,123221.44,331
98802.0,97178.44,331
96800.0,96981.0,331
148800.0,146849.31,331
91800.0,91700.0,331
52888.0,63311.44,331
121808.0,123269.88,331
86800.0,85972.88,331
88500.0,92679.76,331
59800.0,57466.4,331
142800.0,142350.6,331
93800.0,95948.0,331
71800.0,73432.0,333
99800.0,220600.0,335
62800.0,76800.0,338
79800.0,100342.88,341
172800.0,126856.88,341
45800.0,72728.88,341
125800.0,123174.0,341
65800.0,69033.0,341
153800.0,122928.0,341
168800.0,120544.0,341
65800.0,83419.04,341
68000.0,80602.04,341
130600.0,132340.0,341
90800.0,91402.0,341
118800.0,114862.0,341
56988.0,53781.76,344
58800.0,58673.52,344
24800.0,45870.88,344
338888.0,323075.44,347
333000.0,327905.12,347
328888.0,306144.04,347
220000.0,243004.76,347
47800.0,45790.0,348
53800.0,65800.0,349
303500.0,241200.76,350
128000.0,132253.44,350
150000.0,138439.68,350
258800.0,257572.8,350
178800.0,210411.28,350
108888.0,121399.68,350
450000.0,521299.66,351
388888.0,516941.13,351
548000.0,527906.57,351
498888.0,536419.68,351
1280000.0,1179513.6,351
1903988.0,1687111.04,351
468888.0,498794.47,351
558800.0,566774.54,351
488800.0,519888.13,351
117800.0,139317.52,352
226000.0,242788.08,352
35888.0,34188.0,353
113800.0,107642.88,355
112888.0,105440.04,355
116900.0,125255.08,355
40800.0,45050.71,355
40888.0,43982.65,355
168000.0,155005.0,355
115000.0,114054.76,355
79800.0,82895.0,355
129800.0,127658.68,355
57800.0,44126.86,355
90800.0,89320.98,355
78500.0,73840.0,355
73800.0,77862.0,355
110800.0,114179.4,355
114888.0,111572.8,355
114800.0,115153.84,355
226888.0,188780.92,356
168800.0,169820.0,356
30000.0,32571.0,356
135388.0,109900.0,357
191800.0,196610.0,358
182800.0,193750.0,358
195700.0,199560.64,359
178700.0,194222.26,359
176800.0,194102.42,359
194800.0,193213.12,359
192800.0,195912.45,359
210800.0,210961.75,359
178788.0,173246.01,360
191888.0,185527.04,361
133800.0,129985.52,361
144888.0,145112.88,361
105555.0,105885.12,361
151800.0,151810.56,361
121800.0,127144.0,361
134788.0,131244.4,361
174388.0,173271.76,361
192800.0,191373.92,361
132800.0,129543.52,361
202800.0,191039.52,361
116800.0,119190.32,361
138800.0,134866.56,362
149800.0,150458.21,362
99500.0,100107.6,362
161800.0,163696.62,362
186888.0,198550.0,363
272800.0,267741.68,363
263800.0,266062.8,363
250800.0,258471.76,363
149800.0,191030.16,364
157000.0,204975.44,366
43800.0,47050.23,368
69000.0,72914.80205128205,368
47888.0,50837.96,368
71800.0,70334.28,368
19777.0,20514.39,368
47800.0,52529.76,368
93800.0,94452.88,368
16900.0,16430.07,368
41800.0,48401.77,368
15900.0,16027.77,368
22800.0,24175.99,368
58800.0,54724.28,368
33999.0,42024.28,368
110800.0,108366.0,368
27200.0,29146.4,368
97800.0,118013.05,368
97500.0,83702.53,368
73800.0,77155.2,368
62000.0,64138.1,368
60800.0,55812.64,368
42800.0,48148.27,368
110800.0,107336.13,368
102800.0,97032.38,368
60800.0,61938.68,368
40800.0,44497.15,368
83000.0,83804.38333333333,368
30800.0,20385.05,368
106800.0,94942.17,368
95800.0,100825.0,368
90800.0,88652.8,368
107800.0,98802.6,368
79800.0,79281.35,368
54900.0,54359.0,368
103800.0,103822.0,368
19800.0,22706.16,368
51800.0,48249.9,368
48800.0,70231.17,368
67500.0,68265.16,368
55777.0,58796.55,368
98000.0,99541.0,368
47000.0,47430.19,368
77888.0,71690.56205128205,368
83800.0,79422.01,368
85000.0,97541.64,368
34800.0,40066.6,368
49800.0,44769.52,368
112888.0,100514.0,368
98800.0,101314.0,368
20800.0,25616.88,368
131800.0,129885.12,368
42800.0,50328.72,368
127800.0,130139.48,368
99333.0,101991.36,368
92000.0,116828.56,368
89777.0,84071.87,368
55888.0,51700.36,368
55800.0,55871.44,368
13888.0,15663.77,368
21900.0,25673.36,368
47000.0,45652.76,368
69800.0,78556.73,368
119800.0,99177.32,368
65000.0,67591.96,368
37800.0,39490.68,368
55555.0,60430.12,368
52800.0,53508.2,368
85800.0,83191.20333333332,368
63500.0,78001.76,368
93800.0,84569.5,368
64800.0,67735.1,368
18888.0,18541.48,368
61800.0,60650.08,368
42888.0,44682.35,368
98800.0,100258.82,368
52800.0,52043.8,368
94888.0,102624.0,368
65800.0,62179.52,368
23800.0,18712.29,368
80800.0,90543.44,368
88500.0,102715.63,368
48800.0,53776.54,368
100800.0,100367.0,368
114888.0,98809.21,368
131800.0,138268.12,368
83388.0,90187.12,368
71800.0,78159.62,368
73800.0,74308.37805128205,368
82800.0,77632.34666666666,368
136800.0,146965.52,368
88800.0,85275.43,368
21688.0,20667.28,368
52800.0,54828.44,368
88800.0,92254.04,368
51800.0,52621.59,368
40000.0,44908.61,368
18800.0,20187.88,368
13800.0,14649.44,368
72888.0,86834.29,368
53800.0,51800.06,368
185800.0,182847.6,369
278000.0,257631.2,369
248500.0,204160.88,369
39877.0,44016.8,370
32800.0,46760.16,370
49800.0,58191.2,370
146000.0,190652.38,371
135800.0,150289.25,371
178800.0,181734.11,371
102800.0,90305.49,372
58955.0,61092.18,372
86800.0,96409.82,372
47555.0,48643.86,372
41888.0,43063.9,372
65800.0,67202.55,372
58800.0,49378.5,372
76800.0,75890.92,372
75955.0,75369.44,372
99800.0,88930.77,372
39800.0,43369.0,372
51800.0,49078.5,372
56800.0,50836.57,372
78800.0,77158.13,372
59088.0,60672.3,372
58000.0,60740.74,372
100800.0,95403.92,374
99800.0,87981.92,374
89777.0,94208.16,374
77800.0,85189.28,374
75000.0,85165.76,374
162000.0,163092.19,375
121896.0,130502.96,375
129800.0,125426.99,375
185800.0,176460.53,375
71800.0,84015.08,375
100000.0,115715.63,375
130800.0,123025.04,375
151800.0,170408.98,375
127788.0,122531.04,375
86800.0,88743.45,375
54800.0,49769.98,377
27500.0,27473.0,377
53800.0,53296.94,377
25800.0,27878.0,377
78000.0,70365.39,377
83888.0,69709.32,377
968000.0,877708.56,378
228888.0,219046.19,380
199800.0,203423.03,380
175899.0,231192.34,380
208800.0,228093.34,380
245800.0,249831.33,380
288000.0,260558.49,380
246800.0,236739.21,380
213000.0,205373.42,380
110800.0,111254.42,382
127000.0,126586.55,383
85000.0,83508.35,383
47800.0,46370.61,383
46800.0,46334.96,383
99800.0,99467.99,383
46000.0,44965.38,383
55000.0,50841.13,383
42800.0,45336.72,383
118800.0,124183.67,383
138800.0,138257.32,383
86800.0,91935.95,383
90800.0,94788.54,383
122800.0,122554.66,383
89800.0,83675.26,383
73800.0,69932.66,383
54800.0,54182.98,383
135800.0,137770.44,383
42500.0,44591.25,383
88300.0,89323.0,383
68800.0,68520.68,383
53800.0,50677.8,383
85800.0,89652.99,383
35000.0,37582.8,383
94999.0,92700.8,383
83008.0,86853.41,383
85000.0,87032.62,383
93800.0,91257.92,383
107800.0,105504.78,383
81800.0,83217.8,383
63000.0,64611.74,383
59800.0,58014.4,383
101800.0,99384.99,383
46800.0,46295.83,383
54800.0,58478.4,383
43000.0,43605.37,383
78800.0,83729.96,383
92800.0,90663.34,383
57800.0,56040.63,383
50300.0,52153.44,383
74800.0,73841.53,383
91888.0,95943.0,383
34000.0,35715.76,383
107300.0,104722.37,383
122800.0,130762.5,383
30888.0,35149.97,383
55800.0,56674.08,384
81800.0,82671.64,384
149800.0,133454.82,384
126800.0,109474.4,384
132888.0,133746.04,384
57800.0,57765.56,384
87500.0,83469.8,384
77800.0,81169.16,384
80800.0,80362.12,384
101800.0,101962.46,384
95800.0,92836.88,384
148800.0,148945.56,384
50800.0,54234.04,384
35000.0,31284.0,384
54800.0,52199.88,384
88500.0,87906.03,384
59800.0,63877.92,384
88988.0,90151.76,384
77988.0,76161.04,384
88800.0,87320.24,384
55988.0,53798.06,384
90800.0,84695.1,384
77800.0,52323.4,384
61888.0,61430.64,384
80800.0,82042.88,384
32000.0,33905.2,384
58800.0,58611.44,384
151888.0,133566.0,384
59800.0,58706.12,384
48500.0,45196.76,384
54800.0,56653.92,384
79800.0,86547.16,384
56800.0,61595.64,384
68800.0,69545.76,384
76800.0,80038.84,384
32800.0,37101.64,384
48800.0,59284.4,384
61800.0,59111.36,384
69999.0,76394.76,384
86800.0,89614.08,384
45800.0,41804.64,384
59800.0,58468.12,384
151800.0,151360.65,384
52800.0,52270.0,384
37800.0,38757.86,384
58800.0,46491.4,384
46800.0,44729.88,384
35800.0,40184.28,384
26800.0,29453.84,384
52800.0,48922.12,384
98000.0,101518.84,384
87500.0,90314.18,384
36800.0,41085.0,384
78988.0,75857.56,384
151888.0,151578.04,384
70800.0,74386.42,384
25800.0,28701.88,384
149999.0,150636.43,384
68000.0,59724.08,384
92888.0,90857.36,384
31800.0,29918.64,384
49800.0,52941.84,384
201988.0,78897.0,385
102800.0,102063.07,388
51800.0,47894.0,388
78800.0,80622.16,388
104800.0,102387.64,388
48800.0,47501.0,388
108300.0,105476.13,388
79000.0,75072.45,388
39300.0,40872.0,388
80800.0,83573.8,388
100800.0,104309.15,388
43800.0,43170.0,388
42800.0,43304.0,388
38800.0,37358.4,388
70000.0,68562.88,388
72800.0,71942.0,388
44700.0,46985.0,388
105000.0,105327.06,388
53288.0,53607.0,388
40800.0,40175.0,388
60288.0,67118.0,388
52000.0,53593.92,388
70800.0,69733.97,388
30800.0,34952.8,388
45300.0,44112.6,388
92028.0,95290.12,388
39888.0,42238.0,388
36800.0,33998.76,388
81800.0,81027.64,388
110800.0,111720.73,389
118800.0,116025.32,389
112777.0,111567.38,389
119777.0,120271.93,389
888888.0,807043.88,390
680800.0,599840.4,390
818000.0,781134.04,390
988000.0,851940.64,390
239988.0,192965.28,392
235500.0,192640.8,392
49800.0,58532.0,394
60800.0,66031.04,394
65800.0,64671.88,394
58800.0,58248.64,394
87000.0,85886.64,394
100800.0,96622.88,394
72800.0,65786.28,394
63800.0,63826.88,394
70800.0,67817.8,394
66800.0,64827.76,394
55800.0,52020.04,394
49888.0,51819.12,394
65800.0,68395.72,394
64800.0,64053.68,394
93800.0,95746.88,394
53800.0,57043.88,394
23998.0,25226.78,396
538800.0,565225.52,397
250888.0,274008.0,398
127888.0,71742.08,399
110000.0,72571.08,399
28500.0,49740.08,399
33500.0,53269.4,399
108800.0,97800.0,400
155800.0,176450.76,403
173800.0,167380.84,403
41800.0,42326.4,404
72800.0,59424.41,404
72888.0,69919.86,404
51800.0,48440.0,404
55000.0,58694.82,404
72800.0,75605.73,404
52806.0,60152.21,404
92800.0,78884.66,404
71500.0,71182.12,404
56800.0,61976.44,404
48800.0,38548.44,404
51800.0,49406.88,404
55800.0,64614.11,404
65800.0,41412.96,404
57800.0,62746.43,404
70800.0,70226.1,404
56800.0,61462.1,404
57288.0,54010.04,404
67800.0,68415.41,404
48800.0,50177.0,404
44500.0,39552.24,404
49800.0,64166.62,404
49800.0,58035.64,404
58800.0,64403.28,404
37800.0,38844.2,404
59800.0,54161.77,404
55800.0,56585.52,404
68888.0,71678.2,404
52800.0,55511.8,404
49888.0,47538.0,404
109000.0,85697.23,406
110000.0,89853.99,406
74800.0,82487.41,406
59800.0,72676.72,406
85000.0,87847.22,406
77800.0,78161.75,406
76800.0,79222.15,406
110000.0,91704.96,406
53800.0,54181.76,408
170000.0,172746.0,408
71888.0,72192.48,410
107800.0,105220.81,410
38000.0,41089.76,410
79800.0,78193.98,410
86500.0,89312.5,410
66800.0,70997.6,410
50000.0,46814.84,410
102288.0,100511.97,410
67800.0,73560.16,410
115000.0,106963.07,410
58800.0,62910.88,410
80600.0,78185.99,410
58600.0,59765.86,410
127800.0,119544.99,410
40800.0,41991.88,410
15888.0,64865.4,410
47800.0,46026.2,410
61800.0,60942.68,410
55000.0,54014.0,410
68000.0,62914.88,410
96800.0,81912.73,410
69800.0,70409.72,410
86800.0,95731.61,410
145888.0,123819.26,410
55800.0,41000.0,412
27800.0,36871.69,414
30800.0,36103.75,414
58800.0,64004.24,414
32800.0,30588.93,415
14800.0,17144.16,415
65800.0,62679.55,415
42800.0,44565.2,415
23800.0,26206.98,415
58800.0,47895.94,415
60888.0,60245.21,415
21800.0,26055.99,415
48800.0,46487.28,415
42800.0,42865.52,415
81000.0,78242.99,415
36800.0,44684.38,415
35800.0,37071.52,415
63888.0,64685.77,415
47000.0,50094.0,415
23800.0,26047.97,415
40000.0,40345.08,415
41800.0,44801.8,415
55500.0,59415.7,415
65000.0,65476.0,415
66777.0,63218.03,415
42588.0,43995.0,415
60888.0,61478.84,415
44800.0,47630.0,415
33800.0,35013.88,415
15800.0,15974.32,415
54888.0,59042.31,415
67000.0,64677.0,415
31800.0,35105.0,415
13500.0,17254.52,415
42800.0,44416.96,415
52888.0,55683.93,415
73800.0,75757.0,415
67800.0,64004.56,415
43800.0,49537.65,415
80000.0,84214.16,415
26802.0,26520.99,415
59888.0,61367.96,415
23800.0,25708.99,415
46800.0,37370.0,416
32800.0,30657.42,416
23800.0,21018.6,416
13800.0,16372.68,416
12800.0,17767.28,416
27900.0,28022.86,416
22800.0,24760.24,416
49888.0,52377.98,416
25088.0,18637.2,416
33777.0,31615.18,416
59800.0,53841.8,416
40888.0,41143.98,416
32800.0,34458.96,416
49888.0,53101.28,416
15800.0,18196.08,416
28800.0,30195.0,416
44777.0,50282.45,416
33000.0,36701.88,416
42800.0,42453.0,416
14000.0,16819.64,416
63800.0,54115.92,416
52000.0,53489.18,416
25800.0,26598.74,416
24800.0,23094.04,416
13800.0,13421.64,416
37500.0,35370.0,416
43900.0,43546.15,416
40800.0,40716.41,416
32800.0,30927.76,416
14898.0,15992.2,416
45000.0,43670.63,416
117000.0,116834.52,417
123800.0,144305.48,417
67800.0,66227.15,418
27000.0,34502.2,418
46988.0,41783.16,419
55800.0,57250.76,419
38800.0,17800.0,420
41800.0,39297.87,421
44800.0,42293.98,421
46000.0,42683.16,421
38800.0,40945.4,421
117800.0,117800.0,422
96999.0,80022.64,423
109800.0,106269.28,423
106800.0,110510.12,425
97800.0,96630.2,425
110888.0,116615.39,425
124988.0,120994.0,429
97800.0,101893.52,429
103800.0,106768.4,429
116800.0,110092.08,429
122800.0,117149.0,429
152800.0,147365.64,431
167988.0,162764.79,431
99800.0,118147.0,431
169800.0,169642.64,431
155800.0,169276.06,431
115800.0,117680.98,433
126800.0,120730.96,433
114800.0,115750.98,433
138800.0,135180.0,433
20800.0,36836.21,437
49800.0,48760.0,437
28800.0,29087.88,437
58800.0,58030.04,437
55000.0,53499.04,437
33888.0,40728.35,437
59000.0,58727.76,437
39800.0,41227.11,437
73800.0,59733.52,437
28800.0,28686.64,437
65555.0,61803.28,437
79800.0,69123.6,437
74800.0,54546.64,437
55800.0,54326.76,437
18999.0,21435.0,437
25888.0,24484.36,437
31800.0,31922.16,437
37800.0,35245.84,437
57000.0,55198.0,437
43800.0,44665.18,437
64800.0,62072.8,437
45800.0,42850.28,437
57000.0,55918.16,437
18500.0,21798.32,437
13500.0,20509.08,437
57800.0,57316.0,437
26888.0,31545.4,437
55800.0,57953.16,437
40800.0,36943.17,437
41880.0,39838.48,437
46800.0,52708.08,437
59800.0,47269.32,437
69800.0,62767.76,437
191888.0,202430.0,439
218800.0,211250.0,439
32999.0,36160.72,440
41800.0,43625.28,440
20500.0,29062.76,440
24688.0,31335.76,440
55800.0,50635.88,440
37500.0,39246.88,440
21800.0,26000.0,441
133000.0,119720.0,444
130800.0,119720.0,444
27800.0,34910.36,445
22500.0,28053.68,445
60800.0,47630.96,445
70800.0,83268.76,446
45800.0,51753.16,446
70800.0,72504.88,446
118800.0,110802.84,446
58000.0,74949.88,446
124800.0,121469.76,446
130888.0,129561.84,446
60800.0,76059.88,446
246000.0,250394.6,447
171800.0,193977.64,447
288000.0,290670.24,447
173888.0,187054.52,447
228888.0,242450.97,447
273000.0,258332.16,447
51000.0,48025.78,448
183800.0,183934.52,451
228500.0,206170.39,451
116000.0,78064.0,452
168888.0,200515.2,454
206800.0,201040.16,454
182000.0,201119.6,454
158800.0,195192.24,454
340500.0,280181.6,456
188888.0,166268.88,456
398800.0,274765.04,456
335000.0,263615.04,456
395800.0,274765.04,456
210000.0,283032.72,456
160888.0,152046.0,456
188888.0,189778.89,457
218888.0,182786.51,457
139888.0,137379.01,457
388000.0,321237.43,457
128800.0,145262.26,457
244888.0,221660.56,457
389800.0,319246.79,457
129800.0,132706.49,457
223800.0,221636.32,457
168000.0,157262.66,457
149000.0,145498.97,457
265800.0,270075.9,457
424800.0,307901.67,457
168888.0,188784.31,458
153800.0,193716.44,458
159888.0,193464.57,458
180800.0,196489.16,458
378000.0,374822.96,458
235888.0,250906.4,458
269800.0,237024.45,458
378800.0,367290.52,458
222888.0,226739.04,458
178800.0,178210.69,458
370888.0,357824.88,458
309900.0,346535.12,458
290000.0,279415.77,459
172999.0,162120.88,459
242888.0,167335.65,459
230888.0,191776.57,460
245800.0,204150.03,460
256788.0,229115.2,462
158800.0,154992.31,462
340000.0,352410.28,462
175800.0,167913.44,462
320000.0,291396.25,462
134788.0,145575.51,462
108500.0,115756.69,462
112500.0,127339.19,462
169777.0,165970.64,462
95000.0,91281.37,462
154800.0,155966.88,462
208000.0,208434.45,462
165800.0,180125.92,462
95800.0,106667.84,462
368888.0,359697.68,462
173000.0,171862.49,462
45800.0,56927.52,465
49800.0,57066.96,465
788000.0,800736.0,467
748800.0,806221.04,467
768000.0,886988.8,469
85800.0,81085.56,470
33800.0,37369.68,470
38777.0,41881.76,470
36800.0,37802.56,470
36888.0,38510.24,470
31800.0,34838.88,470
68800.0,82754.52,470
393800.0,390320.88,471
309800.0,287384.16,471
309800.0,315844.0,471
315800.0,330104.88,471
408800.0,413584.0,471
68800.0,58453.54,475
36800.0,49800.0,477
52800.0,48925.76,478
37800.0,34736.0,478
29800.0,28174.0,478
48500.0,45134.68,478
41800.0,39572.88,478
39388.0,45010.92,478
30800.0,27220.0,478
194000.0,191836.84,479
160000.0,157033.2,479
150800.0,155658.36,479
153800.0,155534.52,479
168000.0,164949.9,479
233000.0,224163.36,479
160800.0,165647.02,479
188888.0,182146.28,479
208800.0,201267.44,479
150800.0,155932.5,479
185889.0,190098.57,479
50800.0,41844.73,480
100000.0,52690.85,480
44800.0,42861.65,480
55800.0,72936.0,483
439000.0,398938.0,484
630000.0,398892.0,484
114800.0,113193.44,487
245000.0,228133.18,487
194788.0,206313.69,487
145888.0,137829.97,487
79800.0,85100.0,489
79868.0,78490.0,489
84688.0,78010.0,489
53800.0,45746.0,490
84800.0,85473.84,492
88800.0,86894.44,492
87800.0,87707.56,492
87800.0,87636.16,492
85800.0,85567.84,492
85800.0,84730.69,492
85088.0,86167.2,492
82800.0,81476.21,492
79999.0,80505.49,492
85888.0,86415.32,492
87800.0,87640.92,492
83800.0,82770.41,492
86800.0,86321.16,492
86800.0,85599.0,492
73000.0,77361.88,492
92500.0,92129.88,492
85800.0,86069.52,492
86800.0,86677.16,492
92500.0,90117.0,492
85555.0,84957.07,492
85800.0,87605.4,492
92500.0,91889.88,492
46999.0,48520.48,493
19800.0,25967.52,495
34800.0,26863.04,495
18800.0,21073.0,495
16800.0,22947.76,495
29800.0,43800.0,496
60800.0,63680.0,497
123000.0,115239.16,498
115800.0,108511.88,498
94800.0,97054.56,500
56988.0,33800.0,502
95800.0,81258.35,503
64800.0,50149.82,503
153000.0,152050.88,504
199988.0,201792.81,504
167800.0,151632.81,504
119800.0,119774.96,504
150800.0,154472.88,504
171888.0,164327.79,504
198800.0,205515.89,504
205800.0,206520.14,504
128500.0,125774.11,504
129800.0,136144.64,504
127800.0,126664.29,504
160000.0,184193.55,504
170800.0,164294.96,504
161800.0,157980.16,504
155800.0,148083.07,504
221800.0,204402.29,504
110800.0,105950.41,504
110000.0,110873.63,504
135800.0,133693.39,504
199988.0,204871.62,504
129800.0,132938.76,504
144800.0,133204.68,504
170800.0,175234.36,504
206988.0,207591.74,504
137800.0,136239.75,504
18800.0,23504.88,505
44800.0,49579.61,505
110500.0,108793.52,505
45800.0,44437.0,505
40800.0,39291.0,505
53000.0,53436.32,505
54998.0,61372.0,505
31800.0,32665.2,505
35800.0,35199.16,505
65800.0,66881.68,505
33300.0,33417.44,505
110800.0,109990.88,505
62800.0,36816.08,507
73800.0,77450.88,507
31800.0,38341.44,507
39800.0,50055.84,507
108000.0,52800.0,508
68800.0,72880.0,509
53800.0,57149.52,510
19800.0,20510.08,510
69800.0,67685.12,510
66800.0,65429.76,510
89800.0,89738.96,510
86800.0,87608.88,510
19200.0,19315.1,510
21988.0,21024.04,510
90888.0,89935.49,510
60800.0,60751.88,510
58000.0,71430.2,510
22800.0,22900.51,510
48988.0,53407.84,510
61800.0,61755.72,510
69988.0,69648.52,510
50800.0,54310.92,510
60800.0,61593.24,510
46800.0,49125.64,510
90800.0,90573.98,510
66800.0,67270.96,510
65800.0,69102.31,510
66800.0,63819.72,510
30800.0,30895.84,510
28800.0,29502.56,510
19800.0,23012.0,510
46800.0,31307.08,510
18800.0,19615.8,510
45800.0,45508.56,510
64800.0,67875.68,510
41800.0,40637.4,510
66800.0,65020.6,510
65800.0,66337.48,510
33500.0,34996.72,510
22800.0,21395.35,510
31888.0,30431.2,510
65800.0,68499.44,510
91800.0,90286.64,510
63800.0,65577.6,510
85800.0,87608.88,510
89999.0,89935.37,510
61800.0,55170.16,510
90500.0,90445.51,510
65800.0,70862.99,510
65000.0,65436.68,510
89800.0,89845.52,510
64800.0,66482.89,510
39500.0,42657.04,511
38800.0,21285.68,511
28800.0,30216.16,511
61800.0,66495.96,511
45800.0,43162.0,511
59988.0,54298.0,511
18800.0,17330.88,511
61988.0,64500.92,511
36800.0,20907.28,511
46800.0,56980.48,511
44800.0,44237.92,511
62800.0,67158.21,511
77800.0,68613.36,511
41800.0,42929.92,511
78388.0,72105.96,511
59800.0,66817.66,511
87800.0,63524.72,511
45800.0,42166.64,511
65988.0,68162.96,511
174800.0,174586.0,512
124800.0,131090.64,512
128600.0,112105.57,512
133800.0,134878.61,512
53400.0,61299.0,512
128800.0,122249.78,512
179800.0,172763.68,513
79800.0,80121.14,513
105800.0,114791.64,513
143700.0,156149.4,513
89300.0,88975.6,513
138988.0,142870.6,513
160800.0,159390.0,513
96800.0,123760.8,513
55800.0,55323.12,514
62800.0,61141.89,514
54800.0,53043.89,514
51300.0,53830.16,514
43000.0,52097.78,514
51500.0,51317.52,514
65800.0,66866.45,514
66600.0,66473.76,515
50800.0,58135.88,515
59500.0,58458.4,515
134788.0,127802.0,515
142999.0,135984.0,515
31800.0,35511.84,515
42000.0,46922.0,515
68800.0,51213.52,515
59800.0,64475.32,515
35000.0,56350.28,515
135800.0,127212.0,515
72888.0,63847.4,515
69800.0,78309.04,515
123999.0,123624.0,515
70888.0,74673.56,515
46800.0,47529.9,518
33200.0,35226.2,518
40300.0,41891.86,518
45800.0,43264.39,518
29800.0,33456.55,518
33800.0,36590.95,518
26500.0,29720.55,518
44300.0,38985.16,519
33800.0,34846.16,519
26500.0,29335.52,520
118800.0,116355.04,520
24800.0,24627.44,520
117800.0,120710.0,520
60800.0,58788.0,520
48800.0,53450.0,520
54500.0,53040.0,520
63888.0,58753.0,520
91800.0,95545.45,520
35800.0,38739.0,520
77800.0,77979.88,520
126800.0,129104.44,520
23800.0,25892.68,520
32500.0,31937.8,520
71800.0,73188.26,520
41800.0,44948.0,520
84000.0,78162.65,520
77800.0,74764.18,520
127800.0,123621.52,520
37888.0,40052.0,520
110800.0,109606.8,520
35800.0,40559.64,520
108900.0,130158.08,524
99800.0,98956.0,524
208888.0,248385.76,524
129800.0,130549.48,524
168800.0,155262.36,524
110000.0,123157.81,524
98800.0,110997.0,524
136888.0,131128.79,524
265000.0,271329.68,524
319000.0,307617.52,524
271800.0,290666.08,524
165800.0,143353.02,524
142800.0,128687.15,524
118800.0,116535.49,524
105800.0,101393.64,524
268888.0,274155.52,524
125000.0,129847.7,524
340800.0,317026.16,524
110000.0,116358.88,524
113800.0,133544.01,524
163800.0,139426.97,524
120888.0,125357.83,524
149900.0,135669.14,524
23188.0,28736.88,525
7800.0,25965.0,525
45000.0,52030.28,525
28800.0,28634.68,525
24000.0,25030.88,525
29800.0,26948.52,525
28988.0,30675.28,525
92388.0,83575.33,526
60800.0,61570.38,526
105800.0,101093.21,526
75000.0,74369.64,526
70800.0,79449.52,526
60800.0,62013.89,526
69800.0,63970.42,526
78800.0,77415.56,526
109800.0,116271.28,526
72000.0,79449.52,526
75800.0,73904.76,526
113800.0,115214.08,526
1980000.0,1990282.64,528
2180000.0,1998904.8,528
2000000.0,2170435.52,528
55500.0,14800.0,529
58800.0,14800.0,529
38800.0,43087.0,530
56900.0,56545.0,530
47800.0,53523.0,530
49800.0,54448.0,530
33888.0,50983.0,530
305800.0,374910.8,532
16800.0,16401.76,533
93888.0,97876.0,533
35888.0,42231.64,533
21800.0,22599.88,533
1220000.0,784365.48,534
828000.0,789978.24,534
148000.0,63280.0,535
45800.0,46410.0,537
60800.0,53010.0,537
67800.0,70238.9,539
41688.0,46742.52,539
165800.0,154338.12,539
94888.0,125760.63,539
90800.0,88358.64,539
93800.0,86839.0,539
125800.0,123668.44,540
94800.0,89177.0,540
118800.0,122007.04,540
83800.0,72281.28,540
86800.0,89506.99,540
79900.0,79123.0,540
95800.0,89569.64,540
90000.0,90015.0,540
84000.0,68732.13,540
86888.0,89451.99,540
90888.0,91756.0,540
83800.0,83079.98,540
33500.0,49863.23,540
91500.0,90746.0,540
91800.0,105195.68,540
82800.0,68643.01,540
92800.0,92183.0,540
118800.0,109295.0,540
27800.0,50413.99,540
47800.0,48474.56,540
122000.0,122865.44,540
105800.0,102924.86,541
92800.0,102469.88,541
46800.0,47010.26,541
125800.0,123007.88,541
47500.0,46453.0,542
34800.0,37780.32,542
78000.0,87599.89,543
69800.0,71723.88,543
77999.0,76739.54,543
83800.0,83217.0,543
85800.0,84375.33,543
75999.0,74235.36,543
162998.0,158792.6,544
60000.0,61485.83,544
119900.0,117372.56,544
43900.0,43311.95,544
189988.0,185743.19,544
124500.0,125944.8,544
148888.0,145275.76,544
116800.0,116414.48,544
128000.0,129574.54,544
43000.0,45814.4,544
195800.0,193001.02,544
138800.0,138260.43,544
144000.0,141713.0,544
139800.0,138461.26,544
141800.0,143394.69,544
169800.0,168124.26,544
61800.0,72230.88,545
84825.0,79725.58,545
63000.0,57603.49,545
49555.0,56029.13,545
51800.0,56443.05,545
86825.0,64940.61,545
158800.0,154969.95,546
120800.0,106143.92,546
129800.0,111128.51,546
89900.0,99811.65,546
81000.0,70891.31,546
66777.0,65975.4,546
97888.0,85150.23,546
89888.0,92278.6,546
164800.0,152268.96,546
107800.0,104849.04,546
71000.0,70829.28,546
71000.0,70947.8,546
92800.0,100493.42,546
89800.0,64846.12,546
71388.0,73682.3,547
71999.0,76019.6,547
46000.0,47946.2,547
76800.0,73868.86,547
46888.0,49429.32,547
65500.0,69220.44,547
38500.0,40092.44,547
79999.0,74332.86,547
47955.0,50441.04,547
38988.0,39659.0,547
46800.0,47769.56,547
99801.0,82772.58,547
37500.0,39749.44,547
110000.0,119132.1,548
116888.0,104289.99,549
94800.0,95326.0,549
93888.0,100366.0,549
92800.0,97266.0,549
88800.0,104106.96,549
92800.0,117966.0,549
98988.0,100476.0,549
108800.0,94813.98,549
227777.0,229390.0,550
69000.0,68743.25,551
37800.0,36148.49,551
63800.0,64112.76,551
55800.0,55177.8,551
27800.0,26954.85,551
30500.0,30635.87,551
66988.0,55645.67,551
26800.0,26651.78,551
45800.0,45125.31,551
34800.0,35216.99,551
46800.0,45740.98,551
33800.0,33900.49,551
33000.0,29558.62,551
36800.0,38553.88,551
38800.0,36007.25,551
22800.0,23632.42,551
71888.0,69346.4,551
48800.0,48146.4,551
36800.0,39786.82,551
30800.0,31390.96,551
46500.0,46618.06,551
66288.0,64269.9,551
35800.0,39955.24,551
27000.0,27027.88,551
20500.0,20490.0,551
31800.0,29819.74,551
24800.0,24894.92,551
24800.0,25641.6,551
58800.0,57935.58,551
52888.0,57618.15,551
37500.0,38864.39,551
57800.0,62072.18,551
25800.0,26074.46,551
72500.0,71370.41,551
55800.0,53849.68,551
69800.0,69049.49,551
59900.0,25377.7,551
33800.0,33372.75,551
23777.0,24268.27,551
29800.0,29263.68,551
65800.0,65388.0,551
26800.0,26512.52,551
73800.0,71422.64,551
36000.0,35840.78,551
17800.0,17372.0,551
51800.0,50528.82,551
68000.0,66157.6,551
22800.0,24470.52,551
32288.0,29637.71,551
36388.0,34790.91,551
46000.0,45340.01,551
29800.0,29839.27,551
28888.0,29528.53,551
57800.0,48499.4,551
32000.0,30758.82,551
49999.0,49586.32,551
49800.0,49653.0,551
43800.0,44318.0,551
48800.0,45752.19,551
25800.0,26706.59,551
36800.0,35803.6,551
13800.0,18339.99,551
49889.0,48650.08,551
21800.0,22330.72,551
33800.0,31367.4,551
26800.0,28395.51,551
165800.0,166524.0,552
118800.0,168028.0,552
113999.0,129600.0,554
195000.0,106520.0,555
85800.0,84800.0,557
154899.0,183172.56,559
128888.0,137412.0,559
245888.0,196334.24,559
206000.0,223719.68,559
140800.0,140516.64,559
129500.0,127244.4,559
145800.0,132793.04,559
180000.0,151412.64,559
114800.0,113582.88,560
111900.0,116936.0,560
107800.0,110912.16,560
122800.0,114402.87,560
126800.0,123136.84,560
110788.0,109884.08,560
116800.0,123915.95,560
93800.0,91558.0,560
133888.0,137278.06,561
106800.0,119007.6,561
389800.0,317175.0,561
255800.0,289324.76,561
112000.0,107734.4,561
115800.0,132598.88,561
112900.0,107990.32,561
117777.0,119184.76,561
62800.0,83832.67,561
189000.0,175013.72,561
102000.0,100735.27,561
115999.0,119918.88,561
229000.0,195672.52,561
170000.0,177089.5,561
193800.0,199943.34,561
178888.0,235977.53,561
146800.0,153781.4,561
185000.0,190008.42,561
258800.0,255620.76,561
430800.0,328991.0,561
155800.0,149191.36,561
215000.0,161800.27,561
78800.0,80519.19,561
120800.0,118788.88,561
239000.0,258053.76,561
150000.0,156223.32,561
115900.0,96489.4,561
155000.0,156059.76,562
285000.0,310000.0,564
288000.0,310000.0,564
74988.0,64568.0,565
116000.0,119517.64,565
111800.0,114414.0,565
142800.0,124016.76,565
137800.0,137571.52,565
182800.0,179140.2,565
115500.0,123163.52,566
131888.0,123141.76,566
97000.0,91079.46,567
85800.0,84779.28,568
888000.0,914039.92,572
145800.0,120717.44,573
250000.0,231319.05,575
185000.0,191097.32,575
498800.0,443172.0,575
488888.0,386002.96,575
98000.0,116356.0,575
309888.0,346788.0,575
298688.0,301081.46,575
509999.0,442384.0,575
56688.0,47406.92,578
43888.0,41997.98,578
120900.0,118216.36,579
90800.0,97121.6,579
87800.0,62729.9,579
76800.0,70338.52,579
72800.0,56018.88,579
113800.0,113864.4,579
96000.0,93840.52,579
95800.0,71344.52,579
140800.0,135913.64,579
89800.0,59584.76,579
61988.0,72424.78,580
59000.0,58309.54,580
58888.0,59430.76,580
80888.0,73335.38,580
99800.0,63026.8,580
58000.0,60357.0,580
88800.0,61998.0,584
142800.0,165094.0,585
153800.0,172288.64,585
155800.0,156470.0,585
170888.0,158401.52,585
31800.0,38638.16,586
28888.0,38748.16,586
70000.0,54886.0,586
125800.0,113865.51,587
175000.0,135830.94,587
73800.0,77252.0,587
98800.0,95098.98,587
83800.0,92859.98,587
62800.0,86950.88,588
77800.0,88008.16,588
43800.0,44304.0,588
127800.0,124633.69,589
118800.0,120507.44,589
146800.0,143462.6,589
260888.0,228343.0,589
165000.0,172328.83,589
272888.0,228813.31,589
78888.0,58045.71,590
99800.0,66814.4,591
99888.0,70362.52,591
81800.0,92296.56,592
88800.0,65035.2,592
139888.0,118615.04,592
103888.0,97799.0,592
112800.0,119827.72,594
120300.0,119559.8,594
108800.0,112509.96,594
123800.0,116320.53,594
112800.0,115939.99,594
150800.0,113815.48,595
258000.0,256431.76,596
428800.0,387200.48,596
233000.0,237763.28,597
289800.0,263349.92,597
395800.0,364056.64,597
135888.0,135910.0,598
105888.0,116830.64,598
88500.0,92315.52,598
135555.0,125053.0,598
88889.0,87027.0,598
53800.0,66064.0,598
59899.0,48800.0,599
124800.0,126020.0,601
55000.0,58835.5,601
85800.0,75275.64,601
24800.0,27777.93,601
73000.0,75996.0,601
39999.0,40713.55,601
67800.0,75158.36,601
34800.0,36258.77,601
62800.0,62016.41,601
76000.0,69395.0,601
49777.0,49111.58,601
60800.0,66978.76,601
45500.0,45139.65,601
34800.0,32971.99,603
91888.0,84174.84,604
86000.0,83476.46,604
165800.0,165419.88,604
70888.0,75369.64,604
123000.0,108080.94,604
200800.0,193483.76,604
74800.0,91877.34,604
137800.0,148596.29,604
92000.0,84905.96,604
43888.0,51663.3,605
54800.0,54842.98,605
46800.0,64926.16,606
59888.0,59505.51,608
69000.0,76240.7,608
81800.0,80399.55,608
67800.0,69174.76,609
47800.0,46955.2,609
74800.0,72974.0,609
81800.0,84618.03,609
73800.0,73510.8,609
63800.0,73668.0,609
73800.0,74134.0,609
35500.0,39040.68,609
100800.0,96881.04,609
80000.0,76551.88,609
24800.0,26698.88,609
85888.0,84292.86,609
68000.0,73282.0,609
83800.0,87240.24,609
39800.0,77119.34,609
19800.0,12017.6,609
75800.0,74831.88,609
13800.0,13817.64,609
65800.0,66032.6,609
85888.0,86598.0,609
77700.0,81755.76,609
24800.0,22933.0,609
63800.0,65098.44,609
54998.0,59237.52,609
66800.0,67869.76,609
77800.0,84032.37,609
105888.0,95694.52,609
115000.0,96749.4,609
85000.0,83878.04,609
102888.0,87487.8,609
196800.0,196100.06,610
203000.0,201322.54,610
125800.0,128118.6,612
153900.0,149447.08,612
115800.0,125775.9,612
172800.0,167813.44,612
189800.0,190543.76,612
126800.0,128680.88,612
129800.0,120557.92,612
116888.0,124171.84,612
126000.0,127974.58,612
145800.0,146814.83,612
170000.0,167924.56,612
195800.0,189732.64,612
145000.0,138220.54,612
128800.0,127016.88,612
165800.0,165061.72,612
143888.0,146663.42,612
50800.0,51436.32,615
93000.0,86501.72,615
99800.0,96437.92,615
139500.0,133166.0,615
48800.0,51436.32,615
105800.0,102924.64,615
95000.0,88826.84,615
43800.0,43333.77,615
108800.0,110515.46,616
96800.0,94751.27,616
59800.0,59717.55,616
57800.0,59924.2,616
61555.0,60087.6,616
52000.0,49961.05,616
72000.0,70345.62,616
74800.0,73112.0,616
48800.0,45148.48,616
96500.0,96882.72,616
100000.0,101857.11,616
108000.0,107697.9,616
57800.0,62270.76,616
119800.0,119063.88,616
62800.0,60665.35,616
59800.0,54240.9,616
107800.0,110507.82,616
107888.0,107699.76,616
71800.0,72819.86,616
54800.0,59356.55,616
37800.0,36330.77,616
68800.0,68151.0,616
102800.0,103624.3,616
34900.0,33433.51,616
106800.0,106403.61,616
54800.0,55247.65,616
92800.0,93004.8,616
70888.0,73273.0,616
41800.0,42557.0,616
58800.0,56751.0,616
101800.0,101402.98,616
75800.0,71040.75,616
66800.0,62752.8,616
95800.0,100036.69,616
76800.0,79664.98,616
85800.0,78700.91,616
122800.0,120261.88,616
86000.0,85247.76,616
40288.0,33838.78,616
67800.0,69389.55,616
59800.0,61365.05,616
39800.0,43555.64,616
69800.0,71644.99,616
39800.0,34538.16,616
62800.0,59973.45,616
127800.0,124832.92,616
58800.0,61029.97,616
64800.0,68103.85,616
108999.0,106189.56,616
79800.0,96040.23,616
120800.0,112281.29,616
42800.0,37488.79,616
21800.0,27577.94,616
82800.0,84308.72,616
100888.0,98845.17,616
52088.0,48035.75,616
99800.0,100071.19,616
89888.0,88909.11,616
91800.0,89119.03,616
94800.0,92521.6,616
58000.0,58563.12,616
137800.0,136371.96,617
88800.0,90569.28,617
27500.0,33718.0,617
82800.0,81262.08,617
120800.0,115224.59,617
106888.0,104717.8,617
118888.0,115564.76,617
57800.0,60291.76,617
77000.0,74874.64,617
78000.0,81826.44,617
59800.0,61273.24,617
59800.0,57234.88,617
47800.0,48916.76,617
64800.0,54216.62,617
102800.0,103931.03,617
114800.0,114078.62,617
58800.0,60300.76,617
61800.0,60541.3,617
81800.0,91701.23,617
101800.0,92435.53,617
94800.0,92043.21,617
79800.0,72673.98,617
68300.0,67238.49,617
52800.0,50280.0,617
97800.0,94668.61,617
53998.0,54154.0,617
85800.0,84128.76,617
45000.0,48707.86,617
53800.0,59989.68,617
128800.0,119417.73,617
92800.0,93189.44,617
88000.0,87795.24,617
79888.0,83024.28,617
59800.0,61518.52,617
195800.0,105200.0,618
145000.0,112400.0,618
65998.0,105324.04,621
142000.0,150100.08,623
89000.0,103403.28,623
96888.0,90970.0,625
77800.0,84720.0,625
44800.0,55264.17,625
73800.0,62102.01,625
33000.0,39026.03,625
118800.0,156800.0,627
51888.0,48051.0,630
124800.0,115800.0,631
25800.0,26704.0,632
69800.0,67752.12,633
74000.0,68483.88,633
80800.0,88174.0,633
87800.0,88814.0,633
108800.0,113554.0,633
111000.0,117194.88,633
169800.0,169035.52,633
102800.0,103667.28,633
34900.0,55663.76,633
87777.0,88086.0,633
26888.0,85222.32,633
16200.0,43492.96,634
25800.0,21408.32,634
64800.0,62564.38,635
43800.0,45093.77,635
63800.0,62544.14,635
41500.0,43591.86,635
76800.0,66942.0,635
86800.0,83815.76,636
85800.0,83518.92,636
46800.0,48642.33,639
42800.0,42331.15,640
49800.0,44442.31,640
66800.0,64762.0,640
51800.0,44472.54,640
33000.0,35335.47,640
143000.0,157662.0,641
40800.0,24512.0,643
320800.0,255510.0,648
212800.0,252020.0,648
73800.0,67669.88,649
58888.0,57320.52,649
73988.0,69526.43,649
126800.0,130573.52,650
136000.0,119449.36,650
124800.0,117236.0,650
123800.0,115529.2,650
83800.0,84949.76,651
85999.0,81087.38,651
100800.0,102232.0,651
65800.0,68046.11,651
99800.0,102037.0,651
79800.0,76376.53,651
72800.0,72262.28,651
68800.0,69545.19,651
69800.0,75944.31,651
69500.0,68054.3,651
76988.0,79765.11,651
66800.0,67912.84,651
55688.0,55473.8,652
53900.0,54204.14,652
49800.0,49932.92,652
38800.0,41862.0,652
52800.0,52625.8,652
36800.0,36847.76,652
38800.0,38688.0,652
50000.0,51152.22,652
40800.0,42875.0,652
35800.0,35237.88,652
58800.0,58854.64,652
40000.0,38546.0,652
35888.0,41163.52,652
56800.0,55882.64,652
50800.0,52570.08,652
43800.0,43376.64,652
55588.0,55851.92,652
57800.0,54742.22,652
51528.0,49983.34,652
25800.0,67088.36,652
30944.0,16280.0,653
119000.0,132369.51,654
102988.0,103654.95,654
99500.0,103384.56,654
94998.0,92024.08,654
219800.0,184384.0,655
29800.0,43333.28,656
56800.0,56569.0,656
68800.0,69946.88,656
51800.0,47829.88,656
37000.0,36545.76,656
65800.0,60501.8,656
64800.0,64095.0,656
10398.0,19671.0,656
28800.0,29906.12,656
67000.0,67863.84,656
66800.0,60623.68,656
50000.0,48658.4,657
25800.0,18277.0,657
65800.0,64444.15,658
36800.0,34441.04,658
30800.0,31115.32,658
37800.0,31346.96,658
13888.0,20058.32,658
15800.0,18625.64,658
44800.0,33881.07,658
19944.0,21164.25,658
17800.0,22873.38,658
72800.0,75895.28,658
25800.0,27518.0,658
9000.0,17182.62,658
25800.0,27729.64,658
55800.0,52138.4,658
53777.0,50620.88,658
79988.0,80087.52,658
28800.0,30978.0,658
30800.0,31009.0,658
25800.0,26602.0,658
66788.0,64862.3,658
26800.0,27339.0,658
33800.0,39937.4,658
39800.0,41015.04,658
70000.0,69777.85,658
36800.0,37192.88,658
79800.0,83039.76,658
39800.0,42923.84,658
28800.0,29681.0,658
66800.0,65873.82,658
137500.0,145487.2,659
113000.0,116069.4,659
116000.0,116712.32,659
132988.0,128600.0,659
110800.0,114455.88,659
84800.0,85286.44,660
66800.0,65455.4,660
99000.0,99715.6,660
106800.0,105916.76,660
68800.0,74068.42,660
549888.0,596531.72,664
420000.0,454373.84,664
430000.0,456953.12,664
410000.0,431388.6,664
430800.0,460442.64,664
379988.0,423104.36,664
568800.0,548771.16,664
488000.0,468318.32,664
420888.0,437654.48,664
29800.0,29273.48,665
34800.0,51592.54,665
26500.0,28164.88,665
25500.0,25229.88,665
13800.0,44594.38,665
38888.0,43570.0,665
58998.0,44638.44,665
40000.0,44735.9,665
36800.0,45236.0,666
100800.0,99020.48,672
135800.0,138137.16,672
122500.0,126090.52,672
82800.0,86034.42,672
83800.0,80894.71,672
106000.0,118802.18,672
76800.0,59945.88,672
171800.0,181719.96,672
190800.0,183499.84,672
75800.0,80189.66,672
54800.0,51998.95,672
74800.0,71543.76,672
178800.0,181582.44,672
82800.0,83348.76,672
51800.0,49615.37,672
76800.0,76650.36,673
42900.0,41111.08,673
42900.0,42539.92,673
43900.0,44497.88,673
41800.0,41111.08,673
25800.0,23878.0,676
28888.0,27750.96,676
132800.0,125390.0,676
107800.0,99359.4,676
27800.0,21999.66,676
38888.0,26411.64,676
25800.0,26496.6,676
68800.0,70150.91,677
90800.0,90485.76,677
33800.0,26800.0,679
38800.0,38231.88,681
34800.0,50631.8,682
65800.0,64689.68,682
75800.0,66916.88,682
44800.0,49378.28,682
61800.0,54748.0,682
27000.0,27239.0,682
63800.0,65430.0,683
69800.0,68366.0,683
96800.0,95456.12,684
86500.0,89522.56,684
77800.0,87668.16,684
60800.0,65314.33,685
156800.0,151800.0,685
62800.0,62704.99,685
89800.0,90442.52,685
61800.0,64888.9,685
33800.0,38863.24,685
58500.0,62643.47,685
70998.0,68892.75,685
60588.0,65554.0,685
32888.0,36408.48,685
45388.0,46520.96,685
39800.0,35878.96,685
36800.0,36139.64,685
83800.0,82649.92,685
170800.0,159734.0,685
71500.0,69794.55,685
141888.0,150856.0,685
86800.0,82649.92,685
48800.0,50417.62,685
59800.0,61206.85,685
67800.0,68910.38,685
115000.0,114448.0,685
828888.0,885429.52,686
6000.0,18880.0,687
128800.0,147826.98,688
149800.0,158926.96,688
195800.0,166665.0,688
164688.0,157721.0,688
216000.0,184360.0,690
129800.0,173560.0,690
85800.0,82938.22,692
55888.0,43177.76,692
30800.0,31146.8,692
27800.0,30641.2,692
31800.0,31644.96,692
50800.0,53694.0,692
86800.0,44840.1,692
56000.0,56344.0,692
63800.0,65162.22,692
17888.0,17472.0,692
31800.0,31827.24,692
29800.0,30835.52,692
82800.0,82866.22,692
128777.0,132006.36,694
183888.0,171196.0,696
569888.0,238018.0,696
539000.0,236496.0,696
379888.0,496928.0,700
468888.0,493830.0,700
438000.0,524628.0,700
151000.0,149197.0,701
86800.0,86589.82,701
177700.0,172139.81,701
210000.0,141349.52,701
79800.0,94807.0,701
118000.0,120500.65,701
183800.0,182386.04,701
105800.0,72116.64,701
81800.0,94807.0,701
59800.0,72430.74,701
162000.0,154209.15,701
90800.0,77106.69,701
141800.0,136283.68,701
210000.0,204902.16,701
154800.0,152840.0,701
178800.0,180551.52,701
165800.0,163259.96,701
177800.0,174878.38,701
95000.0,100869.58,701
87800.0,96366.02,701
78800.0,95808.0,701
120888.0,96612.0,701
94500.0,105979.21,701
154800.0,160927.16,701
178888.0,193265.63,701
94000.0,97289.0,701
68800.0,68776.39,705
41800.0,43650.36,705
35000.0,35925.19,705
87800.0,93961.03,705
39800.0,42623.44,705
111800.0,116058.76,705
78000.0,77715.77,705
42800.0,40592.12,705
46000.0,44642.88,705
125800.0,125443.71,705
46800.0,44686.86,705
49800.0,52389.0,705
22777.0,24097.92,705
52800.0,53830.92,705
55888.0,51966.88,705
83800.0,78890.53,705
126500.0,125788.81,705
64777.0,62737.5,705
24800.0,26571.56,705
53800.0,53431.32,705
24800.0,23633.86,705
82800.0,87121.41,705
42800.0,41806.44,705
119800.0,117407.76,705
40800.0,42514.6,705
77800.0,78614.31,705
92800.0,95003.75,705
26500.0,27508.62,705
34800.0,35235.77,705
29800.0,27989.83,705
29800.0,31522.48,705
72888.0,70433.2,705
89800.0,95224.48,705
39800.0,38742.56,705
37800.0,37310.04,705
66800.0,68041.75,705
29500.0,30225.76,705
36800.0,36936.88,705
62800.0,66037.1,705
41900.0,41663.28,705
126555.0,127096.64,705
43800.0,45733.56,705
108000.0,108320.59,705
32300.0,32507.16,705
51800.0,47941.16,705
53888.0,50865.76,705
74910.0,70850.7,705
27800.0,27658.1,705
43800.0,42607.52,705
46888.0,49981.0,705
34800.0,35182.64,705
34800.0,35070.65,705
67800.0,68730.07,705
30800.0,31994.103333333336,705
40800.0,41556.76,705
27899.0,27554.7,705
18988.0,21337.59,705
80800.0,89316.02,705
35000.0,35478.76,705
62800.0,63330.02,705
26800.0,27607.03,705
33800.0,31429.91,705
49800.0,48189.0,705
84800.0,92192.64,705
30800.0,30614.4,705
23188.0,26422.93,705
41800.0,41546.24,705
51800.0,51183.64,705
52800.0,51921.88,705
46500.0,48059.12,705
21000.0,20862.98,705
40800.0,42042.28,705
44500.0,44121.88,705
119888.0,121034.44,705
26800.0,29355.62,705
122800.0,121404.74,705
66800.0,66648.46,705
58944.0,53812.0,705
36300.0,36922.78,705
122800.0,121481.0,705
48800.0,50486.52,705
72000.0,72852.93,705
21888.0,25389.92,705
124800.0,126905.34,705
32500.0,34256.32,705
129800.0,128211.76,705
33800.0,35250.65,705
88500.0,90289.63,705
51800.0,49562.16,705
35888.0,36971.52,705
42800.0,41009.0,705
26800.0,26542.3,705
52800.0,48853.32,705
82800.0,89887.26,705
30000.0,27526.87,705
120800.0,122487.61,705
128800.0,126785.8,705
36500.0,36562.08,705
30888.0,29907.63,705
40800.0,39300.88,705
39888.0,44536.17333333334,705
33800.0,34933.96,705
90000.0,94021.71,705
42500.0,45705.72,705
31800.0,33122.74,705
35800.0,37357.53,705
44500.0,45748.04,705
112777.0,117962.5,705
38500.0,38152.16,705
40300.0,39424.52,705
35800.0,36218.16,705
33800.0,32971.17333333333,705
22500.0,24232.68,705
46800.0,59930.0,706
64888.0,84996.0,706
46800.0,65088.0,706
50800.0,50017.0,707
53000.0,49653.87,707
89800.0,95322.56,707
57800.0,56877.32,707
44800.0,46342.04,707
62800.0,62214.28,707
51358.0,49430.0,707
102500.0,97040.88,707
61800.0,62330.76,707
42800.0,43196.18,707
21800.0,23503.17,707
50800.0,54600.32,707
55000.0,59408.31,707
71800.0,71460.0,707
45800.0,48925.36,707
55800.0,53018.18,707
51388.0,48478.35,707
68888.0,63046.8,707
70000.0,69952.0,707
69800.0,69640.55,707
16800.0,17854.76,707
59800.0,64624.12,707
83800.0,81704.0,707
70000.0,58364.98,707
80888.0,77497.34,707
48800.0,49150.76,707
51800.0,51911.5,707
78800.0,53456.57,707
57800.0,55282.04,707
59800.0,51219.33,708
65999.0,53173.21,708
73800.0,53173.21,708
60800.0,52928.74,708
76800.0,79275.32,709
31800.0,46655.3,709
55888.0,57268.24,709
52800.0,51855.33,709
25800.0,37597.62,709
79800.0,48130.28,709
88000.0,93922.0,712
115800.0,112230.88,712
106000.0,106206.74,713
116800.0,109100.2,713
157000.0,153970.88,715
122800.0,126983.0,715
157800.0,157271.52,715
63800.0,74443.68,715
66500.0,85477.88,715
123800.0,128617.0,715
56500.0,68909.8,715
33800.0,43572.16,715
80777.0,79942.88,715
138800.0,136926.88,715
210000.0,215439.36,715
123888.0,130218.0,715
67800.0,64026.0,716
55800.0,56897.19,716
74800.0,69588.88,716
36800.0,46421.77,716
75500.0,68674.0,716
57500.0,57763.16,716
56800.0,58544.34,716
53800.0,52562.81,716
45800.0,47869.88,716
49800.0,48475.6,716
28800.0,25256.04,716
55800.0,58045.82,716
83803.0,73968.21333333333,716
67888.0,67078.7,716
34800.0,34320.88,716
66800.0,68522.82,716
48800.0,47126.75,716
55800.0,54812.0,716
63800.0,66397.39333333334,716
55800.0,54511.5,716
28600.0,24294.56,716
45500.0,38772.79,716
81800.0,73701.76,716
65800.0,63678.68,716
55800.0,57483.02,716
66800.0,61232.08,716
46300.0,52666.37,716
44888.0,44948.15,716
49800.0,48903.59,716
55800.0,54433.28,716
64800.0,66190.9,716
59800.0,59049.24,716
30800.0,26476.19,716
55500.0,56142.88,716
45988.0,50427.14,716
41900.0,42785.74,716
42800.0,39386.64,716
71800.0,70835.31,716
67800.0,67576.2,716
56800.0,57883.41,716
64800.0,62435.0,716
74800.0,71205.01,716
1099999.0,1030720.0,717
153000.0,136661.82,718
243800.0,188644.0,718
207800.0,197784.0,718
200800.0,202284.0,718
66800.0,79110.83,718
158800.0,159499.98,718
92800.0,87683.56,720
32888.0,32585.52,720
60800.0,65024.32,720
28800.0,32622.64,720
47800.0,49948.0,720
27200.0,30966.88,720
113800.0,105003.64,720
36800.0,37551.82,720
39333.0,39894.44,720
54800.0,52762.0,720
44800.0,44345.81,720
67700.0,70923.45,720
34000.0,32381.72,720
26800.0,31192.76,720
38000.0,35245.92,720
34800.0,36061.89,720
118800.0,89124.02,720
83800.0,88210.72,720
124800.0,130311.0,722
40500.0,78972.76,722
85800.0,87591.8,722
174000.0,171244.52,722
106500.0,111156.4,722
49000.0,50954.88,722
74800.0,74743.75,722
70000.0,72800.47,722
54800.0,49906.92,722
137800.0,138646.0,722
110333.0,109514.0,722
86800.0,84679.0,722
96800.0,92817.84,722
65800.0,63374.88,722
48800.0,49690.86,722
119500.0,116888.0,722
86800.0,87590.07,722
70000.0,61491.44,722
89900.0,75213.92,722
123800.0,121702.0,722
149000.0,147257.24,722
148888.0,148382.88,722
157800.0,160959.88,722
140800.0,140391.04,722
70800.0,76676.62,722
123800.0,124390.0,722
88000.0,89619.08,722
68800.0,65714.28,722
179000.0,178555.64,722
123800.0,124417.0,722
102800.0,108064.52,722
63000.0,68092.15,722
80888.0,82204.16,722
117500.0,114449.76,722
109800.0,107104.64,722
164000.0,159601.44,722
60800.0,63222.67,722
138800.0,138076.16,722
57800.0,60426.98,722
148888.0,147257.24,722
104800.0,106601.64,722
54800.0,52296.06,722
58800.0,60554.0,722
142800.0,140854.32,722
92800.0,95871.92,722
106800.0,109087.84,723
142500.0,139336.0,723
108000.0,103464.4,723
108800.0,104025.88,723
104800.0,103933.88,723
76800.0,70510.59,725
121500.0,121949.96,725
65800.0,69177.0,725
95000.0,97908.57,725
45800.0,59321.04,725
162888.0,156938.9,725
170000.0,155870.7,725
133800.0,140601.5,725
146800.0,150149.85,725
178000.0,179633.76,725
144800.0,148800.88,725
72888.0,73547.28,725
70000.0,68700.2,725
165800.0,146348.02,725
139800.0,143895.92,725
84800.0,85780.2,725
155800.0,154201.54,725
114800.0,114049.76,725
146800.0,157970.52,725
139888.0,131135.4,725
134800.0,149623.06,725
79800.0,72840.76,725
96500.0,98520.2,725
193888.0,190345.76,725
135944.0,133128.0,725
188800.0,194257.0,725
176888.0,180121.46,725
126900.0,121909.55,725
45888.0,62910.92,725
49800.0,56975.68,725
80888.0,80950.0,726
78800.0,79174.0,726
76800.0,78910.0,726
78800.0,78800.0,726
79800.0,105304.16,727
103800.0,102476.2,727
64800.0,85936.68,727
207800.0,205922.76,727
60800.0,98277.44,727
155888.0,105899.0,727
81888.0,96434.0,727
164800.0,84154.96,727
273000.0,277038.0,728
258800.0,263318.0,728
113000.0,125566.2,728
91708.0,106343.5,728
100888.0,118362.56,728
95900.0,100211.97,728
105800.0,108114.8,728
80800.0,120415.41,728
69900.0,105534.64,728
255800.0,269170.0,728
73800.0,104097.7,728
99500.0,104813.86,728
233800.0,235886.0,728
114888.0,89870.57,729
295800.0,271422.64,729
129888.0,94741.16,729
162800.0,160758.76,731
97888.0,96532.99,731
108800.0,99712.99,731
144800.0,142399.92,731
129800.0,131844.54,731
166800.0,162231.12,731
88800.0,98687.39,731
155800.0,160514.6,731
100800.0,99902.76,731
111800.0,106886.97,731
121800.0,139481.24,731
99800.0,96360.75,731
163800.0,150302.04,732
101800.0,110972.08,732
96800.0,103317.92,732
48800.0,43286.91,732
150800.0,150033.52,732
196896.0,196521.0,732
69500.0,69668.0,732
54800.0,66701.31,732
105800.0,111739.57,732
37555.0,41930.09,732
138000.0,116436.13,732
147777.0,151314.0,732
97500.0,103339.45,732
120800.0,139091.65,732
131800.0,91994.53,733
139800.0,129566.92,733
81500.0,90233.9,733
135800.0,137663.4,733
123000.0,129367.04,733
81730.0,80923.32,734
58388.0,53576.76,734
65000.0,65593.26,734
53800.0,51934.64,734
50800.0,51996.84,734
60800.0,55615.52,734
61800.0,63439.18,734
62800.0,63843.48,734
79500.0,85579.84,734
48800.0,50064.88,734
49800.0,51134.64,734
48288.0,50736.8,734
61000.0,51756.4,734
56000.0,53016.4,734
47800.0,46682.88,735
78800.0,78361.56,735
46000.0,52492.95,735
61500.0,62912.65,735
56000.0,61676.78,735
65800.0,67780.67,735
91800.0,54736.41,735
99800.0,92039.52,735
98800.0,55811.69,735
119800.0,91156.88,735
82800.0,77852.45,735
138000.0,114343.31,736
132800.0,83494.16,736
108800.0,84727.7,736
52800.0,84476.64,737
768800.0,799800.0,738
52388.0,47282.5,744
82800.0,83929.52,744
27800.0,28883.76,744
57000.0,65566.88,744
66800.0,69578.0,744
53800.0,54354.96,744
96000.0,88096.0,744
85800.0,89940.0,744
58800.0,57290.48,744
31800.0,31355.04,744
69800.0,69782.88,744
43800.0,34499.7,744
87800.0,90786.0,744
35800.0,33428.11,744
59800.0,23896.0,747
125800.0,125650.88,747
129900.0,125723.52,747
55800.0,56579.88,747
85800.0,84470.0,747
100800.0,90490.0,747
122800.0,124422.64,747
108800.0,116540.0,747
119800.0,110435.0,747
65800.0,58041.52,747
62800.0,70820.0,747
34800.0,46831.64,747
150800.0,140750.24,748
118800.0,118356.8,748
116800.0,116543.64,748
118555.0,118598.89,748
135800.0,135266.96,748
151988.0,143422.36,748
145000.0,140636.44,748
111888.0,107132.27,750
201800.0,161433.21,750
168800.0,158266.63,750
69800.0,77437.77,750
89800.0,91844.43,750
118000.0,121822.81,750
64800.0,75538.17,750
168888.0,104637.15,750
64800.0,68972.69,750
19990.0,110844.88,750
78900.0,78824.56,751
69800.0,73259.68,751
91800.0,77942.32,751
98800.0,102136.24,755
